Workbook
Name PRINT_AREA_MI: #REF!

Sheet PSQuerySave1

Sheet TIMETABLE
B2: FACULTY OF ENGINEERING AND TECHNOLOGY
J4: MECH TT JAN-APR 2022
C5: CLASS | D5: BSME 3 | E5: BSME 2 | F5: BTME 05 | G5: BTME 4 | H5: BTMA 3 | I5: BTME 03 | J5: BTME 02 | K5: BTMA 02 | L5: DPL 6 | M5: DMAE 3 | N5: DNSC 3 | O5: DMEN 3 | P5: DPR 3 | Q5: DAE 3 | R5: DCE 3 | S5: DMEN 2 | T5: DMEN 2 | U5: DAE 2 | V5: DCE 2 | W5: DMAE 2 | X5: DNSC 2 | Y5: CMEN 2 | Z5: DMEN 1
B6: DAY | D6: BSME/SEP2020/J-FT | E6: BSME/AUG2021/J-FT | F6: BTME/SEP2019/S-PT | G6: BTME/AUG2021/S-PT | H6: BTMA/SEP2020/J&S-FT | I6: BTME/SEP2020/J&S-FT | J6: BTME/AUG2021/J&S-FT | K6: BTMA/AUG2021/J&S-FT | L6: DMEN/MAY2019/S-FT | M6: DMAE/SEP2020/J&S-FT | N6: DNSC/SEP2020/J&S-FT | O6: DMEN/SEP2020/J&S-FT | P6: DMEN/SEP 2020/J&S-FT | Q6: DAE/SEP2020/J-FT | R6: DCE/SEP2020/J-FT | S6: DMEN/AUG2021/J-FT | T6: DMEN/AUG2021/S-FT | U6: DAE/SEP2021/J&S-FT | V6: DCE/SEP2021/J-FT | W6: DMAE/SEP20201J&S-FT | X6: DNSC/SEP2021/J-FT | Y6: CMEN/AUG2021/S-FT | Z6: DMEN/JAN2022/S-PT | AB6: DAY
C7: TIME- | D7: Y2S1 (50) | E7: Y1S2 (55) | F7: Y3S1 (10) | G7: Y2S2 (10) | H7: Y2S1 (40) | I7: Y2S1 (65) | J7: Y1S1 (52) | K7: Y1S1 (40) | L7: 10 | M7: Y2S1 (60) | N7: Y2S1 (37) | O7: Y2S1 (50) | P7: Y2S1 | Q7: Y2S1 (46) | R7: Y2S1 (40) | S7: Y1S2 (60) | T7: Y1S2 (35) | U7: Y1S2 (50) | V7: Y1S2 (40) | W7: Y1S2 (60) | X7: Y1S2 (48) | Y7: Y1S2 (20) | Z7: Y1S1 (20)
B8: MONDAY | C8: 7.00AM | E8: APS 4102 | N8: ANS 2214 | O8: AMA 2250 | P8: AMA 2250 | R8: EME 2230 | S8: EME 2103 | U8: EEP 2150 | V8: EEP 2150 | Y8: AMA 1151 | AB8: MONDAY
E9: PHYSICS II | N9: ELECTRONIC SYST. | O9: ENG MATH III | P9: ENG MATH III | R9: MACHINES | S9: W/SHOP PRACTICE II | U9: ELECT ENG. SCIENCE | V9: ELECT ENG. SCIENCE | Y9: ENG MATH II
E10: PHY LAB | N10: MV/LAB | O10: FET 107 | P10: FET 107. | R10: FET 109. | S10: FET 316 | U10: LAB | V10: LAB. | Y10: CH
C11: 10.00AM | E11: DR. OMBOGA/LABAN | N11: BRENDA | O11: ABIERO | P11: ABIERO. | R11: BOAZ | S11: MUCHIRU | U11: ALBEITY/MWASYA | V11: ALBEITY/MWASYA | Y11: ABIERO.
C12: 10.00AM | E12: AMA 4103 | H12: TMC 4214 | I12: TMC 4213 | K12: AMA 4250 | M12: EMR 2221 | N12: ANS 2206 | O12: EME 2203 | P12: EME 2203 | Q12: EEE 2250 | S12: EME 2106 | T12: EPL2101 | U12: EME 2108 | W12: EMR 2115
E13: CALCULUS II | H13: FLUIDS I | I13: MATERIALS | K13: ALGEBRA II | M13: MARINE ELECT III | N13: CHART WORK | O13: SOLID & STRUCT I | P13: SOLID & STRUCT I | Q13: ELECTRONICS | S13: MECH SCIENCE II | T13: PLANT THEORY | U13: ENG DRAWING II | W13: W/SHOP& PRACTICE II
E14: FET108 | H14: LAB, | I14: LAB | K14: MB 16 | M14: WT 2 | N14: SC/LAB | O14: PL/LAB | P14: PL/LAB.. | Q14: ELEC LAB. | S14: FET 316. | T14: W/SHOP. | U14: DO3 | W14: SC/LAB
C15: 1.00PM | E15: MWAMUNGA | H15: MUNIALO/KIKONDE | I15: SAAD/SUDI | K15: MWAMUNGA. | M15: ALBEITY | N15: TALIB | O15: GATHUA/KIKONDE | P15: GATHUA/KIKONDE.. | Q15: MRIMA/DORIS. | S15: MASEKI. | T15: AYAGA/MWAFONDO. | U15: MAKONDE | W15: MUCHIRU
C19: 2.00PM | D19: EMC 4213 | H19: TMC 4214 | I19: TMC 4214 | J19: TMC 4105 | L19: EPL 2304 | M19: EMR 2209 | N19: ANS 2202 | O19: EME 2202 | P19: EME 2202 | Q19: EME 2203 | R19: ECH 2203 | S19: EPL2101 | T19: EAU2101 | U19: EME 2103 | V19: EME 2103 | W19: EMR 2131 | X19: ANS 2111 | Y19: EEE 1150
D20: PRODUCTION TECHN. | H20: FLUIDS I | I20: FLUIDS I | J20: FUNDAMENTAL OF MECH | L20: PLANT DRAWING II | M20: APPLIED MECH I | N20: CELESTIAL NAVIG | O20: MECHANIC OF MACH. I | P20: MECHANIC OF MACH. I | Q20: SOLID & STRUCT I | R20: UNIT OPERATION I | S20: PLANT THEORY | T20: MOTOR VEHIC THEORY | U20: W/SHOP PRACTICE II | V20: W/SHOP PRACTICE II | W20: MOTOR ENG KNOW II | X20: SEAMANSHIP II | Y20: ELECT ENG. SCIE
D21: MB O2 | H21: FET 205. | I21: FET 205 | J21: LAB | L21: SC/LAB | M21: FET 109 | N21: CH | O21: LAB.. | P21: LAB. | Q21: MB 01. | R21: MB 02 | S21: W/SHOP | T21: W/SHOP. | U21: FET 107 | V21: FET 107. | W21: FET 108 | X21: CH | Y21: MB 01
C22: 5.00PM | D22: WANGOMBE | H22: MUNIALO | I22: MUNIALO. | J22: SWALAH/MWAFONDO | L22: KEPHA | M22: BOAZ | N22: BRENDA | O22: GATHUA/LAWRENCE | P22: GATHUA/LAWRENCE. | Q22: GATHUA.. | R22: MULEWA | S22: AYAGA/MWAFONDO | T22: ABDILLAHI/KAINGU. | U22: MUCHIRU | V22: MUCHIRU. | W22: KIMATHI | X22: KUMBA | Y22: NYANGANGA
C23: 5.00PM | F23: TMC 4311 | G23: TMC 4225 | Q23: EAU 2201 | Z23: BMC 2107
F24: METROLOGY | G24: FLUIDS II | Q24: VEHICLE TECH I | Z24: COMM SKILLS
F25: FET 109 | G25: CH | Q25: MATL/LAB | Z25: ONLINE
C26: 8.00PM | F26: NYAMU.. | G26: MUNIALO | Q26: LUIS | Z26: COD MEDIA
B27: T U E S D A Y | C27: 7.00AM | D27: EMC 4211 | E27: APS 4102 | H27: EMR 4201 | I27: TEE 1221 | J27: CCI 4101 | K27: CCI 4101 | O27: EPL 2201 | Q27: EEE 2250 | S27: EAU2101 | T27: EME 2104 | U27: EPL 2101 | W27: EMR 2131 | X27: ANS 2111 | AB27: T U E S D A Y
D28: WORKSHOP TECH | E28: PHYSICS II | H28: SHIP CONST | I28: ELECTRICAL TECHN. | J28: COMP SYST & LITERACY | K28: COMPUTER SYSTEMS | O28: PLANT TECH | Q28: ELECTRONICS | S28: MOTOR VEHIC THEORY | T28: MATERIAL SCIENCE | U28: MECH PLANT THEORY | W28: MOTOR ENG KNOWL.II | X28: SEAMANSHIP II
D29: FET 107 | E29: MB 13A | H29: FET 109 | I29: ELEC LAB. | J29: FET 316 | K29: FET 316 | O29: SC/LAB | Q29: MB 13 | S29: W/SHOP | T29: MATL/LAB | U29: SC/LAB. | W29: MV/WSHOP | X29: MV/LAB
C30: 10.00AM | D30: BENSON | E30: DR. OMBOGA | H30: NYADERO | I30: KASUKU/TECHN | J30: DR,MVURYA | K30: DR. MVURYA. | O30: KEPHA | Q30: MRIMA | S30: ABDILLAHI/KAINGU | T30: KAMANZA/SUDI | U30: AYAGA. | W30: KIMATHI/MUTUKU | X30: KUMBA
C31: 10.00AM | D31: AMA 4203 | E31: EMC 4122 | H31: EMR 4201 | I31: TMC 4215 | J31: TMC 4105 | K31: ENS 4101 | L31: EPL 2305 | M31: EMR 2221 | O31: EEE 2250 | P31: EEE 2250 | Q31: EME 2202 | R31: ECI 2250 | S31: EAU 2101 | T31: EME 2108 | U31: AMA 2151 | V31: AMA 2151 | W31: EMR 2129 | Y31: EPL1102
D32: STATISTICS | E32: WORKSHOP TECH | H32: SHIP CONST | I32: W/SHOP TECH | J32: FUNDAMENTAL OF MECH | K32: MARITIME SAFETY | L32: PLANT TECH IV | M32: MARINE ELECT III | O32: ELECTRONICS | P32: ELECTRONICS | Q32: MECHANIC OF MACH. I | R32: CONTROL SYSTEM | S32: MOTOR VEHICLE THEORY | T32: ENG DRAWING II | U32: ENG MATH II | V32: ENG MATH II | W32: MARINE ELECT TECH II | Y32: PLANT TECH II
D33: FET108 | E33: FET 107 | H33: FET 109 | I33: FET 108 | J33: FET 107 | K33: MB 04. | L33: WT2 | M33: ELEC LAB | O33: MB 16B | P33: MB 16B. | Q33: LAB. | R33: MB 02 | S33: MB 04 | T33: DO3. | U33: FET 108 | V33: FET 108. | W33: WT 2 | Y33: SC/LAB
C34: 1.00PM | D34: KARAKACHA | E34: BENSON | H34: NYADERO | I34: WANGOMBE | J34: SWALAH | K34: TALIB | L34: AYAGA | M34: ALBEITY/MUSAU | O34: MRIMA, | P34: MRIMA. | Q34: GATHUA/LAWRENCE. | R34: DR. MUGA | S34: ABDILLAHI | T34: MAKONDE. | U34: MUTUNGI | V34: MUTUNGI. | W34: ALBEITY | Y34: KEPHA
C38: 2.00PM | D38: AMA 4209 | H38: EMR 4202 | I38: AMA 4105 | K38: AMA 4105 | L38: EME 2304 | M38: EMR 2207 | N38: ANS 2214 | O38: EME 2202 | P38: EME 2202 | R38: ECH 2202 | S38: EME 2108 | T38: EPL 2101 | U38: EEP 2150 | V38: EEP 2150 | W38: EMR 2120 | X38: ANS 2116 | Y38: EME 1106
D39: CALCULUS III | H39: MATERIALS & ENG | I39: CALCULUS II | K39: CALCULUS II | L39: I.O.M | M39: THERMOFLUIDS | N39: ELECTRONIC SYST. | O39: MECHANIC OF MACH. I | P39: MECHANIC OF MACH. I | R39: I.C.P 1 | S39: ENG DRAWING II | T39: MECH PLANT THEORY | U39: ELECT ENG. SCIENCE | V39: ELECT ENG. SCIENCE | W39: MARINE ENG. KNOWLE | X39: RULES OF ROAD | Y39: W/SHOP II
D40: MB 02 | H40: FET 210 | I40: MB 03 | K40: MB 16A. | L40: MB13B | M40: PL/LAB. | N40: MV/LAB | O40: FET 316 | P40: FET 316, | R40: MB 02 | S40: DO3 | T40: SC/LAB. | U40: MB 03. | V40: MB 03 | W40: MB 01 | X40: CH | Y40: WT 2
C41: 5,00PM | D41: DR. MUNYWOKI | H41: DR. BACHANI | I41: JUMA. | K41: MUTAVA. | L41: KEPHA | M41: NJERU/KIKONDE | N41: BRENDA | O41: GATHUA. | P41: GATHUA, | R41: AHMED | S41: MAKONDE | T41: AYAGA. | U41: ALBEITY. | V41: ALBEITY | W41: ABDILLAHI | X41: KUMBA | Y41: MUCHIRU
C42: 5 | F42: TMC 4317 | G42: AMA 4203 | L42: AMA 2351 | Z42: APS 2150
F43: PROFESSIONAL ETHIC | G43: STATISTICS | L43: ENG. MATH VI | Z43: PHYSICAL SCIE
F44: FET 109 | G44: FET 109 | L44: FET 207.. | Z44: FET 210
C45: 8.00PM | F45: MUNIALO | G45: KARAKACHA | L45: HARRIET.. | Z45: MULEWA
B46: W E D N E S D A Y | C46: 7,00AM | D46: BEN 4401 | H46: EMR 4202 | I46: TMC 4213 | J46: BEN 4401 | K46: EMR 4117 | M46: EMR 2207 | N46: ANS 2213 | O46: EME 2201 | P46: EME 2201 | Q46: EME 2201 | S46: EPL 2101 | T46: EEP 2150 | U46: EME 2104 | V46: EME 2104 | W46: EMR 2129 | AB46: W E D N E S D A Y
D47: ENTREPRENEURSHIP | H47: MATERIALS & ENG | I47: MATERIALS | J47: ENTREPRENEURSHIP | K47: MARINE ENG. KNOWLED. | M47: THERMOFLUIDS | N47: WATCH KEEPING | O47: THERMODYNAMICS I | P47: THERMODYNAMICS I | Q47: THERMODYNAMICS I | S47: MECH PLANT THEORY | T47: ELECTRICAL SCIENCE | U47: MATERIAL SCIENCE | V47: MATERIAL SCIENCE | W47: MARINE ELECT TECH II
D48: ONLINE | H48: LAB, | I48: MB 02 | J48: ONLINE. | K48: MB 01 | M48: CH | N48: MB 03 | O48: FET 316 | P48: FET 316. | Q48: LAB. | S48: SC/LAB | T48: EB 107 | U48: EB 107. | V48: EB 107. | W48: ELEC LAB.
C49: 10.00AM | D49: BUYA | H49: DR. BACHANI/SUDI | I49: SAAD | J49: BUYA. | K49: NYADERO | M49: NJERU | N49: KUMBA | O49: OYUGI | P49: OYUGI. | Q49: OYUGI/FAUZ | S49: AYAGA | T49: SOSHYO | U49: KAMANZA. | V49: KAMANZA. | W49: ALBEITY /MUSAU
C50: 10.00AM | E50: EIT 4101 | F50: TMC 4315 | H50: ENS 4212 | I50: TMC 4212 | J50: TMC 4104 | K50: EMR 4124 | M50: EMR 2203 | N50: EMR 2124 | O50: EME 2203 | P50: EME 2203 | R50: ACH 2250 | S50: EME 2104 | T50: EME 2103 | U50: EAU 2101 | V50: EEE 2250 | W50: EMR 2122 | X50: BEN 2102 | Y50: EME 1104
E51: FUNDAMENTAL OFCOMP | F51: THERMODYNAMIC II | H51: MARITIME LAW | I51: MACHINES I | J51: W/SHOP TECH II | K51: GEN. ELECT & ENG | M51: DRAWING | N51: LIFE SKILL | O51: SOLID & STRUCT I | P51: SOLID & STRUCT I | R51: PHYSICAL CHEM | S51: MATERIAL SCIENCE | T51: W/SHOP PRACTICE II | U51: MOTOR VEHICLE THEORY | V51: ELECTRONICS | W51: ENT II | X51: ENT II | Y51: DRAWING II
E52: MB 13 | F52: FET 109 | H52: MB 01 | I52: FET 107 | J52: CH | K52: LAB.. | M52: DO3 | N52: MB 03 | O52: FET 316 | P52: FET 316.. | R52: MB 02 | S52: FET 108 | T52: MB 02. | U52: MB 04 | V52: FET 210 | W52: MB 03. | X52: MB 03. | Y52: SC/LAB
C53: 1.00PM | E53: COD COMPUTING | F53: AHMED | H53: TALIB | I53: SWALAH | J53: WANGOMBE | K53: ALBEITY | M53: MAITHA | N53: COD SOCIAL SCIE | O53: GATHUA | P53: GATHUA.. | R53: WARAKAH | S53: KAMANZA | T53: MUCHIRU. | U53: ABDILLAHI | V53: MRIMA | W53: GIKARO | X53: GIKARO | Y53: NYANGANGA
C57: 2.00PM | D57: EMC 4212 | H57: EMR 4203 | I57: TMC 4213 | L57: EME 2305 | M57: EMR 2208 | N57: EMR 2208 | O57: BEN 2201 | P57: BEN 2201 | Q57: BEN 2201 | R57: BEN 2201 | S57: EME 2106 | T57: AMA 2151 | V57: ACH | W57: EMR 2116 | X57: ANS 2120
D58: HEALTH & SAFETY | H58: MARINE PROPULSION | I58: MATERIALS | L58: FLUID MECH II | M58: BUSINESS PLAN | N58: BUSINESS PLAN | O58: ENT. EDUC | P58: ENT. EDUC | Q58: ENT. EDUC | R58: ENT. EDUC | S58: MECHANICAL SCIENCE II | T58: ENG MATH II | V58: ORGANIC CHEMISTRY | W58: DRAWING II | X58: TERRESTRIAL
D59: FET 107 | H59: MB 01 | I59: FET 108 | L59: MB13A | M59: CH | N59: CH. | O59: ONLINE, | P59: ONLINE.. | Q59: ONLINE., | R59: ONLINE.,, | S59: LAB,. | T59: FET205. | V59: MB 02 | W59: DO3 | X59: CH
C60: 5.00PM | D60: MBOTHU | H60: NYADERO | I60: DR. BACHANI | L60: NJERU | M60: GIKARO | N60: GIKARO. | O60: BUYA, | P60: BUYA.. | Q60: BUYA,. | R60: BUYA,.. | S60: MASEKI | T60: MUTUNGI. | V60: WARAKAH | W60: MAKONDE | X60: KUMBA
C61: 5.00PM | G61: BFI 4204 | M61: EMR 2202 | Q61: EAU 2202 | X61: AMA 2114 | Y61: EME 1107 | Z61: EME 2105
G62: ECON & ACCOUNT | M62: GEN. ENG. KNOWL. I | Q62: ENGINE TECHN | X62: ENG MATH II | Y62: MATERIAL SCIE | Z62: DRAWING
G63: FET 109 | M63: CH | Q63: EB 109 | X63: FET 210 | Y63: WT2 | Z63: DO3
C64: 8.00PM | G64: COD BUSINESS | M64: FAUZ | Q64: LAWRENCE | X64: HARRIET | Y64: MWANGANGI | Z64: MAKONDE
B65: T H U R S D A Y | C65: 7.00AM | D65: EIT 4102 | E65: BMG 4102 | H65: TMC 4226 | I65: TMC 4212 | J65: TMC 4211 | K65: EMR 4124 | M65: EMR 2201 | O65: EPL 2201 | P65: EPR 2202 | Q65: AMA 2250 | R65: AMA 2250 | S65: AMA 2151 | T65: EME 2103 | U65: EEP 2150 | V65: EEP 2150 | Y65: EME 1105 | AB65: T H U R S D A Y
D66: COMP PROGRAMMING | E66: LAW FOR ENGINEERS | H66: ENG THERMO II | I66: MACHINES I | J66: HEALTH SAFETY | K66: GEN. ELECT & ENG | M66: ENG MATH III | O66: PLANT TECH | P66: MATERIAL PROCESS | Q66: ENG MATH III | R66: ENG MATH III | S66: ENG MATH II | T66: W/SHOP PRACTICE II | U66: ELEC ENG SCIENCE | V66: ELECT ENG. SCIENCE | Y66: MECH SCIE II
D67: LAB A | E67: FET 316 | H67: LAB, | I67: LAB | J67: MB 13 | K67: MB 01 | M67: MB 05 | O67: PL/LAB. | P67: MATL LAB. | Q67: FET 109, | R67: FET 109. | S67: FET205 | T67: W/SHOP | U67: ELEC LAB. | V67: ELEC/LAB | Y67: LAB
C68: 10.00AM | D68: COD ICI | E68: DR. MWADZOGO, | H68: WAGATHIGE/KITI | I68: SWALAH/MWAFONDO | J68: MBOTHU | K68: ALBEITY | M68: ABIERO | O68: KEPHA/MWAFONDO | P68: KAMANZA | Q68: ABIERO, | R68: ABIERO. | S68: MUTUNGI | T68: MUCHIRU/KESSIO | U68: ALBEITY/MWASYA. | V68: ALBEITY/MWASYA | Y68: MASEKI/LAWRENCE
C69: 10.00AM | D69: EMC 4213 | E69: ACH 4151 | H69: TMC 4226 | I69: TMC 4211 | J69: TMC 4103 | K69: EMR 4125 | L69: EPL 2306 | O69: EME 2204 | P69: EME 2204 | Q69: EME2202 | R69: ECH 2201 | S69: EME 2103 | V69: AAB 2150 | W69: EMR 2113 | X69: EMR 2113 | Y69: EME 1106
D70: PRODUCTION TECHN. | E70: CHEMISTRY II | H70: ENG THERMO II | I70: COMP PROGRAMMM | J70: ENG. DRAWING II | K70: MARINE ENG. MECHANIC | L70: PLANT ELECTRICAL | O70: C.A.D | P70: C.A.D | Q70: MECHANIC OF MACH. I | R70: THERMODYNAMICS I | S70: W/SHOP PRACTICE II | V70: MICROBIOLOGY | W70: I.C.T. II | X70: I.C.T. II | Y70: W/SHOP II
D71: W/SHOP I | E71: MB 08 | H71: MB 01 | I71: LAB B | J71: SC/LAB | K71: FET 108 | L71: EB 105 | O71: SC/LAB | P71: SC/LAB. | Q71: EB 007. | R71: MB 01. | S71: W/SHOP | V71: MB 01 | W71: MB 02 | X71: MB 02 | Y71: W/SHOP
C72: 1.00PM | D72: WANGOMBE/OMONDI | E72: COD APPLIED | H72: AHMED | I72: COD ICT | J72: MWASHIGADI | K72: SWALAH | L72: MWANYASI | O72: MAITHA | P72: MAITHA. | Q72: GATHUA | R72: NJERU. | S72: MUCHIRU/KESSIO | V72: WARAKAH | W72: JUSMINE | X72: JUSMINE. | Y72: MUCHIRU/MWASARAI
C76: 2.00PM | E76: EMC 4121 | F76: TEE 4315 | G76: TMC 4224 | H76: ENS 4201 | I76: TCV 4215 | J76: BLS 4115 | K76: ENS 4201 | L76: EME 2305 | M76: EMR 2222 | N76: EMR 2222 | O76: EPL2202 | P76: EPR 2201 | Q76: EME 2201 | R76: ECH 2204 | S76: EEP 2150 | T76: EME 2104 | W76: EMR 2128 | X76: ANS 2112
E77: T.DRAWING II | F77: DIGITAL ELECTRONIC | G77: MATERIALS II | H77: LEADERSHIP & PT | I77: SOLIDS &STRUCT | J77: DEVELOPMENT STUDY | K77: LEADERSHIP & PT | L77: FLUID MECH II | M77: SHP STABILITY | N77: SHP STABILITY | O77: PLANT ELECT 1 | P77: PROD. TECH & PRACT | Q77: THERMODYNAMICS I | R77: FLUIDS I | S77: ELECTRICAL SCIENCE | T77: MATERIAL SCIENCE | W77: APPLIED SCIENCE II | X77: APPLIED SCIENCE II
E78: DO3 | F78: FET 203 | G78: FET 108 | H78: ALL. | I78: MB 03 | J78: ONLINE. | K78: ALL | L78: LAB | M78: CH | N78: CH. | O78: CH | P78: W/T2 | Q78: FET 107 | R78: MB 03 | S78: EB 107 | T78: EB 107. | W78: MB 03. | X78: MB 03.
C79: 5.00PM | E79: MUTAVA | F79: BAKARI | G79: MANGENI | H79: SGT JUBA | I79: MUTIE | J79: ODHIAMBO | K79: SGT JUBA. | L79: NJERU/KIKONDE | M79: KIMATHI | N79: KIMATHI. | O79: ALBEITY | P79: KAMANZA | Q79: OYUGI, | R79: NJERU | S79: SOSHYO | T79: KAMANZA. | W79: WARAKAH. | X79: WARAKAH.
C80: 5.00PM | F80: TCV4319 | W80: EMR 2117 | Z80: AMA 2150
F81: SOLID &STRUCT III | W81: ENG MATH II | Z81: ENG MATH I
F82: FET 109 | W82: FET 210 | Z82: FET 109
C83: 8.00PM | F83: MANGENI | W83: HARRIET | Z83: MBOTHU
B84: FRIDAY | C84: 7.00AM | D84: EMC 4211 | I84: TMC 4215 | M84: EMR 2202 | N84: ANS 2108 | O84: EME 2201 | P84: EME 2201 | Q84: EME 2203 | T84: EEP 2150 | U84: EME 2106 | V84: EME 2106 | W84: EMR 2115 | X84: ANS 2118 | AB84: FRIDAY
D85: WORKSHOP/TECH | I85: W/SHOP TECH | M85: GEN. ENG. KNOWL. I | N85: CARGO HANDLING | O85: THERMODYNAMICS I | P85: THERMODYNAMICS I | Q85: SOLID & STRUCT I | T85: ELEC ENG SCIENCE | U85: MECH SCIENCE II | V85: MECH SCIENCE II | W85: W/SHOP& PRACTICE II | X85: METEOROLOGY
D86: W/SHOP | I86: W/SHOP | M86: MV/WSHOP | N86: MB 01 | O86: LAB.. | P86: LAB | Q86: PL/LAB.. | T86: ELEC LAB. | U86: FET 108 | V86: FET 108. | W86: FL/LAB | X86: CH
C87: 10.00AM | D87: BENSON/MWANGANGI | I87: WANGOMBE/KESSIO | M87: ABDILLAHI/MUTUKU | N87: KUMBA | O87: OYUGI/FAUZ | P87: OYUGI/FAUZ. | Q87: GATHUA/KIKONDE.. | T87: SOSHYO/ALLAN | U87: MASEKI | V87: MASEKI. | W87: MUCHIRU/KESSIO | X87: BRENDA
C88: 10.00AM | D88: EMC 4214 | E88: ACH 4151 | H88: EMR 4204 | I88: TCV 4215 | J88: TMC 4104 | K88: EMR 4125 | L88: EPL 2306 | M88: EMR 2223 | N88: EMR 2223 | O88: EEE 2250 | P88: EEE 2250 | Q88: EME 2204 | R88: ECI 2250 | S88: EME 2104 | T88: EME 2106 | V88: EME 2204 | W88: EMR 2130 | X88: EMR 2130 | Y88: EME 1107
D89: PROFESSIONAL ETHICS | E89: CHEMISTRY II | H89: WATCH KEEPING | I89: SOLIDS &STRUCT | J89: W/SHOP TECH II | K89: MARINE ENG. MECHANIC | L89: PLANT ELECTRICAL | M89: RESEARCH METHODS | N89: RESEARCH METHODS | O89: ELECTRONICS | P89: ELECTRONICS | Q89: C.A.D | R89: CONTROL SYSTEM | S89: MATERIAL SCIENCE | T89: MECH SCIENCE II | V89: C.A.D. | W89: SHIP CONST. II | X89: SHIP CONST. II | Y89: MATERIAL SCIE
D90: FET107 | E90: CHEM LAB | H90: MB 01 | I90: LAB. | J90: W/SHOP | K90: FET 109 | L90: ELEC LAB. | M90: EB 105 | N90: EB 105. | O90: ELEC LAB | P90: ELEC LAB. | Q90: FET 108 | R90: ELEC/LAB | S90: MATL/LAB | T90: MV LAB | V90: FET 108. | W90: MB 16 | X90: MB 16 | Y90: LAB
C91: 1.00PM | D91: PROF KANYUA | E91: COD APPLIED/TECH | H91: DK | I91: MUTIE/ KITI | J91: WANGOMBE/KESSIO | K91: SWALAH/MWAFONDO | L91: MWANYASI/ MUSAU | M91: MAKONDE. | N91: MAKONDE | O91: MRIMA/DORIS | P91: MRIMA/DORIS. | Q91: MAITHA. | R91: DR. MUGA/MATOLO | S91: KAMANZA/OMONDI | T91: MASEKI | V91: MAITHA | W91: NYADERO | X91: NYADERO | Y91: MWANGANGI
C95: 2.00PM | F95: TMC 4312 | G95: TMC 4222 | H95: ENS 4220 | I95: TEE 1221 | M95: EMR 2209 | O95: EPL 2202 | P95: EPR 2201 | Q95: EAU 2201 | S95: EEP 2150 | U95: EME 2104 | V95: EME 2104 | W95: EMR 2110 | X95: BMC 2102 | Y95: EME 1105
F96: DESIGN I | G96: MACHINES II | H96: MARITIME ENGLISH | I96: ELECTRICAL TECHN. | M96: APPLIED MECH I | O96: PLANT ELECT 1 | P96: PROD. TECH & PRACT | Q96: VEHICLE TECH I | S96: ELEC ENG SCIENCE | U96: MATERIAL SCIENCE | V96: MATERIAL SCIENCE | W96: MARINE COMM SKILLS | X96: MARINE COMM SKILLS | Y96: MECH SCIE II
F97: FET 109 | G97: CH | H97: FET 108 | I97: EB 105 | M97: PL/LAB | O97: ELEC LAB.. | P97: W/SHOP | Q97: MATL/LAB | S97: ELEC LAB. | U97: MATL/LAB | V97: MATL/LAB | W97: FET 107 | X97: FET 107. | Y97: WT 2
C98: 5.00PM | F98: MUTIE | G98: MUTAVA | H98: TALIB | I98: KASUKU | M98: GATHUA/LAWRENCE | O98: ALBEITY/MWASYA | P98: KAMANZA/MWANGAN | Q98: LUIS | S98: SOSHYO/ALLAN | U98: KAMANZA/OMONDI | V98: KAMANZA./OMONDI | W98: KANANA | X98: KANANA | Y98: MASEKI
C99: 5.00PM | F99: TMC 4313 | G99: TCV 4223 | Z99: EME 2101
F100: MACHINES III | G100: SOLID & STRUCT II | Z100: W/SHOP TECH
F101: FET 109 | G101: CH | Z101: FET 109
C102: 8.00PM | F102: MUTAVA | G102: MUTIE | Z102: KEPHA
B103: S A T U R D A Y | C103: 7.00AM | F103: TMC 4316 | G103: AMA 4105 | Z103: EME 2102 | AB103: S A T U R D A Y
F104: SAFETY& RISK TECHN. | G104: CALCULUS II | Z104: MECH SCIENCE
F105: FET 210 | G105: FET 109 | Z105: FET108
C106: 10.00AM | F106: SAAD | G106: WAMBUA | Z106: BOAZ
C107: 10.00AM | F107: TCV4319 | G107: TMC 4226 | Z107: EIT 2101
F108: SOLID &STRUCT III | G108: THERMO II | Z108: COMP. APPLICATION
F109: LAB | G109: FET 109 | Z109: FET 108
C110: 1.00PM | F110: MANGENI/KITI | G110: WAGATHIGE | Z110: COD 1CI
C111: 1
C113: 2
C114: 2.00PM | F114: TMC 4311 | G114: TCV 4223 | Z114: APH 2100
F115: METROLOGY | G115: SOLID &STRUCT II | Z115: HIV/AIDS
F116: MET/LAB | G116: LAB | Z116: ONLINE
C117: 5.00PM | F117: NYAMU/MUTUKU | G117: MUTIE/KITI | Z117: COD ENVIRONMENT
C118: 5.00PM | F118: TEE 4315 | G118: TMC 4222
...

Sheet Sheet1

Sheet ROOM ALOCACATION
N2: MOMBASA POLYTECHNIC UNIVERSITY COLLEGE
N3: (Constituent College iof JKUAT)
N4: FACULTY OF ENGINEERING AND TECHNOLOGY
N5: DEPARTMENT OF ELECTRICAL AND ELECTRONIC ENGINEERING
N6: SECOND SEMESTER-SEPT - DEC 2012 ROOM ALLOCATION CHART
C9: CLASS-> | D9: CH | E9: FET316 | F9: EA009/10 | G9: EA012 | H9: EA015 | I9: EA104 | J9: EA105 | K9: EA107 | L9: EA108 | M9: EB006 | N9: EB007 | O9: EB013 | P9: EB104 | Q9: EB105 | R9: EB107 | S9: EB109 | T9: EB110 | U9: MA111 | V9: MA209 | W9: MA212 | X9: DO3 | Y9: RM2 | Z9: MZ01 | AA9: MZ 02 | AB9: RM3 | AC9: FET203 | AD9: FET205 | AE9: FET207 | AF9: FET208 | AG9: FET209 | AH9: FET210 | AI9: CLASS->
B10: DAY | D10: CLASSROOM 1 | E10: EL. POWER LAB | F10: EL. POWER W/SH. | G10: EL. MACH. LAB | H10: EL. PRINC. LAB | I10: DAT. COM. LAB | J10: COMP. LAB | K10: MICRO. P. LAB | L10: ELECTR. LAB | M10: CLASSROOM 2 | N10: LECTURE HALL 1 | O10: CLASSROOM 3 | P10: CLASSROOM 4 | Q10: LECTURE HALL 2 | R10: CLASSROOM 5 | S10: CLASSROOM 6 | T10: LECTURE HALL 3 | U10: CONTROL LAB | V10: TELECOM. LAB | W10: ELTRO. W/SH. | X10: MECH. DRA. R. | Y10: BUILD. DR. R. | Z10: MAZRUI H. 1 | AA10: MAZRUI H. 2 | AB10: BUILD. R. 3 | AC10: MARINE | AD10: MARINE | AE10: MARINE | AF10: SIMULATION | AG10: MARINE | AH10: MARINE | AJ10: DAY
C11: TIME- | D11: 40 | E11: 70 | F11: 40 | G11: 30 | H11: 30 | I11: 20 | J11: 40 | K11: 35 | L11: 40 | M11: 35 | N11: 70 | O11: 35 | P11: 20 | Q11: 70 | R11: 35 | S11: 35 | T11: 70 | U11: 45 | V11: 45 | W11: 45 | X11: 40 | Y11: 30 | Z11: 80 | AA11: 80 | AB11: 80 | AC11: 80 | AD11: 80 | AE11: 60 | AF11: 60 | AG11: 60 | AH11: 60 | AI11: TIME-
B12: MONDAY | C12: 7 | AI12: 7 | AJ12: MONDAY
D13: =COUNTIF(TIMETABLE!D10:W10,"EA005") -> 0 | E13: =COUNTIF(TIMETABLE!D10:W10,"EA006") -> 0 | F13: =COUNTIF(TIMETABLE!D10:W10,"EA009/10") -> 0 | G13: =COUNTIF(TIMETABLE!D10:W10,"EA012") -> 0 | H13: =COUNTIF(TIMETABLE!D10:W10,"EA015") -> 0 | I13: =COUNTIF(TIMETABLE!D10:W10,"EA104") -> 0 | J13: =COUNTIF(TIMETABLE!D10:W10,"EA105") -> 0 | K13: =COUNTIF(TIMETABLE!D10:W10,"EA107") -> 0 | L13: =COUNTIF(TIMETABLE!D10:W10,"EA108") -> 0 | M13: =COUNTIF(TIMETABLE!D10:W10,"EB006") -> 0 | N13: =COUNTIF(TIMETABLE!D10:W10,"EB007") -> 0 | O13: =COUNTIF(TIMETABLE!D10:W10,"EB013") -> 0 | P13: =COUNTIF(TIMETABLE!L10:W10,"EB104") -> 0 | Q13: =COUNTIF(TIMETABLE!D10:W10,"EB105") -> 0 | R13: =COUNTIF(TIMETABLE!D10:W10,"EB107") -> 0 | S13: =COUNTIF(TIMETABLE!D10:W10,"EB109") -> 0 | T13: =COUNTIF(TIMETABLE!D10:W10,"EB110") -> 0 | U13: =COUNTIF(TIMETABLE!D10:W10,"MA111") -> 0 | V13: =COUNTIF(TIMETABLE!D10:W10,"MA209") -> 0 | W13: =COUNTIF(TIMETABLE!D10:W10,"MA212") -> 0 | X13: =COUNTIF(TIMETABLE!D10:W10,"DO3") -> 0 | Y13: =COUNTIF(TIMETABLE!D10:W10,"RM2") -> 0 | Z13: =COUNTIF(TIMETABLE!D10:W10,"MZ01") -> 0 | AA13: =COUNTIF(TIMETABLE!D10:W10,"MZ02") -> 0 | AB13: =COUNTIF(TIMETABLE!D10:W10,"RM3") -> 0 | AC13: =COUNTIF(TIMETABLE!D10:W10,"FET203") -> 0 | AD13: =COUNTIF(TIMETABLE!D10:W10,"FET205") -> 0 | AE13: =COUNTIF(TIMETABLE!D10:W10,"FET207") -> 0 | AF13: =COUNTIF(TIMETABLE!D10:W10,"FET208") -> 0 | AG13: =COUNTIF(TIMETABLE!D10:W10,"FET209") -> 0 | AH13: =COUNTIF(TIMETABLE!D10:W10,"FET210") -> 0
C14: 8 | AI14: 8
C15: 8 | AI15: 8
D16: =COUNTIF(TIMETABLE!#REF!,"EA005") -> #REF! | E16: =COUNTIF(TIMETABLE!#REF!,"EA006") -> #REF! | F16: =COUNTIF(TIMETABLE!#REF!,"EA009/10") -> #REF! | G16: =COUNTIF(TIMETABLE!#REF!,"EA012") -> #REF! | H16: =COUNTIF(TIMETABLE!#REF!,"EA015") -> #REF! | I16: =COUNTIF(TIMETABLE!#REF!,"EA104") -> #REF! | J16: =COUNTIF(TIMETABLE!#REF!,"EA105") -> #REF! | K16: =COUNTIF(TIMETABLE!#REF!,"EA107") -> #REF! | L16: =COUNTIF(TIMETABLE!#REF!,"EA108") -> #REF! | M16: =COUNTIF(TIMETABLE!#REF!,"EB006") -> #REF! | N16: =COUNTIF(TIMETABLE!#REF!,"EB007") -> #REF! | O16: =COUNTIF(TIMETABLE!#REF!,"EB013") -> #REF! | P16: =COUNTIF(TIMETABLE!#REF!,"EB104") -> #REF! | Q16: =COUNTIF(TIMETABLE!#REF!,"EB105") -> #REF! | R16: =COUNTIF(TIMETABLE!#REF!,"EB107") -> #REF! | S16: =COUNTIF(TIMETABLE!#REF!,"EB109") -> #REF! | T16: =COUNTIF(TIMETABLE!#REF!,"EB110") -> #REF! | U16: =COUNTIF(TIMETABLE!#REF!,"MA111") -> #REF! | V16: =COUNTIF(TIMETABLE!#REF!,"MA209") -> #REF! | W16: =COUNTIF(TIMETABLE!#REF!,"MA212") -> #REF! | X16: =COUNTIF(TIMETABLE!#REF!,"DO3") -> #REF! | Y16: =COUNTIF(TIMETABLE!#REF!,"RM2") -> #REF! | Z16: =COUNTIF(TIMETABLE!#REF!,"MZ01") -> #REF! | AA16: =COUNTIF(TIMETABLE!#REF!,"MZ02") -> #REF! | AB16: =COUNTIF(TIMETABLE!#REF!,"RM3") -> #REF! | AC16: =COUNTIF(TIMETABLE!#REF!,"FET203") -> #REF! | AD16: =COUNTIF(TIMETABLE!#REF!,"FET205") -> #REF! | AE16: =COUNTIF(TIMETABLE!#REF!,"FET207") -> #REF! | AF16: =COUNTIF(TIMETABLE!#REF!,"FET208") -> #REF! | AG16: =COUNTIF(TIMETABLE!#REF!,"FET209") -> #REF! | AH16: =COUNTIF(TIMETABLE!#REF!,"FET210") -> #REF!
C17: 9 | AI17: 9
C18: 9 | AI18: 9
D19: =COUNTIF(TIMETABLE!#REF!,"EA005") -> #REF! | E19: =COUNTIF(TIMETABLE!#REF!,"EA006") -> #REF! | F19: =COUNTIF(TIMETABLE!#REF!,"EA009/10") -> #REF! | G19: =COUNTIF(TIMETABLE!#REF!,"EA012") -> #REF! | H19: =COUNTIF(TIMETABLE!#REF!,"EA015") -> #REF! | I19: =COUNTIF(TIMETABLE!#REF!,"EA104") -> #REF! | J19: =COUNTIF(TIMETABLE!#REF!,"EA105") -> #REF! | K19: =COUNTIF(TIMETABLE!#REF!,"EA107") -> #REF! | L19: =COUNTIF(TIMETABLE!#REF!,"EA108") -> #REF! | M19: =COUNTIF(TIMETABLE!#REF!,"EB006") -> #REF! | N19: =COUNTIF(TIMETABLE!#REF!,"EB007") -> #REF! | O19: =COUNTIF(TIMETABLE!#REF!,"EB013") -> #REF! | P19: =COUNTIF(TIMETABLE!#REF!,"EB104") -> #REF! | Q19: =COUNTIF(TIMETABLE!#REF!,"EB105") -> #REF! | R19: =COUNTIF(TIMETABLE!#REF!,"EB107") -> #REF! | S19: =COUNTIF(TIMETABLE!#REF!,"EB109") -> #REF! | T19: =COUNTIF(TIMETABLE!#REF!,"EB110") -> #REF! | U19: =COUNTIF(TIMETABLE!#REF!,"MA111") -> #REF! | V19: =COUNTIF(TIMETABLE!#REF!,"MA209") -> #REF! | W19: =COUNTIF(TIMETABLE!#REF!,"MA212") -> #REF! | X19: =COUNTIF(TIMETABLE!#REF!,"DO3") -> #REF! | Y19: =COUNTIF(TIMETABLE!#REF!,"RM2") -> #REF! | Z19: =COUNTIF(TIMETABLE!#REF!,"MZ01") -> #REF! | AA19: =COUNTIF(TIMETABLE!#REF!,"MZ02") -> #REF! | AB19: =COUNTIF(TIMETABLE!#REF!,"RM3") -> #REF! | AC19: =COUNTIF(TIMETABLE!#REF!,"FET203") -> #REF! | AD19: =COUNTIF(TIMETABLE!#REF!,"FET205") -> #REF! | AE19: =COUNTIF(TIMETABLE!#REF!,"FET207") -> #REF! | AF19: =COUNTIF(TIMETABLE!#REF!,"FET208") -> #REF! | AG19: =COUNTIF(TIMETABLE!#REF!,"FET209") -> #REF! | AH19: =COUNTIF(TIMETABLE!#REF!,"FET210") -> #REF!
C20: 10 | AI20: 10
C21: 10 | AI21: 10
D22: =COUNTIF(TIMETABLE!D14:W14,"EA005") -> 0 | E22: =COUNTIF(TIMETABLE!D14:W14,"EA006") -> 0 | F22: =COUNTIF(TIMETABLE!D14:W14,"EA009/10") -> 0 | G22: =COUNTIF(TIMETABLE!D14:W14,"EA012") -> 0 | H22: =COUNTIF(TIMETABLE!D14:W14,"EA015") -> 0 | I22: =COUNTIF(TIMETABLE!D14:W14,"EA104") -> 0 | J22: =COUNTIF(TIMETABLE!D14:W14,"EA105") -> 0 | K22: =COUNTIF(TIMETABLE!D14:W14,"EA107") -> 0 | L22: =COUNTIF(TIMETABLE!D14:W14,"EA108") -> 0 | M22: =COUNTIF(TIMETABLE!D14:W14,"EB006") -> 0 | N22: =COUNTIF(TIMETABLE!D14:W14,"EB007") -> 0 | O22: =COUNTIF(TIMETABLE!D14:W14,"EB013") -> 0 | P22: =COUNTIF(TIMETABLE!L14:W14,"EB104") -> 0 | Q22: =COUNTIF(TIMETABLE!D14:W14,"EB105") -> 0 | R22: =COUNTIF(TIMETABLE!D14:W14,"EB107") -> 0 | S22: =COUNTIF(TIMETABLE!D14:W14,"EB109") -> 0 | T22: =COUNTIF(TIMETABLE!D14:W14,"EB110") -> 0 | U22: =COUNTIF(TIMETABLE!D14:W14,"MA111") -> 0 | V22: =COUNTIF(TIMETABLE!D14:W14,"MA209") -> 0 | W22: =COUNTIF(TIMETABLE!D14:W14,"MA212") -> 0 | X22: =COUNTIF(TIMETABLE!D14:W14,"DO3") -> 1 | Y22: =COUNTIF(TIMETABLE!D14:W14,"RM2") -> 0 | Z22: =COUNTIF(TIMETABLE!D14:W14,"MZ01") -> 0 | AA22: =COUNTIF(TIMETABLE!D14:W14,"MZ02") -> 0 | AB22: =COUNTIF(TIMETABLE!D14:W14,"RM3") -> 0 | AC22: =COUNTIF(TIMETABLE!D14:W14,"FET203") -> 0 | AD22: =COUNTIF(TIMETABLE!D14:W14,"FET205") -> 0 | AE22: =COUNTIF(TIMETABLE!D14:W14,"FET207") -> 0 | AF22: =COUNTIF(TIMETABLE!D14:W14,"FET208") -> 0 | AG22: =COUNTIF(TIMETABLE!D14:W14,"FET209") -> 0 | AH22: =COUNTIF(TIMETABLE!D14:W14,"FET210") -> 0
C23: 11 | AI23: 11
C24: 11 | AI24: 11
D25: =COUNTIF(TIMETABLE!#REF!,"EA005") -> #REF! | E25: =COUNTIF(TIMETABLE!#REF!,"EA006") -> #REF! | F25: =COUNTIF(TIMETABLE!#REF!,"EA009/10") -> #REF! | G25: =COUNTIF(TIMETABLE!#REF!,"EA012") -> #REF! | H25: =COUNTIF(TIMETABLE!#REF!,"EA015") -> #REF! | I25: =COUNTIF(TIMETABLE!#REF!,"EA104") -> #REF! | J25: =COUNTIF(TIMETABLE!#REF!,"EA105") -> #REF! | K25: =COUNTIF(TIMETABLE!#REF!,"EA107") -> #REF! | L25: =COUNTIF(TIMETABLE!#REF!,"EA108") -> #REF! | M25: =COUNTIF(TIMETABLE!#REF!,"EB006") -> #REF! | N25: =COUNTIF(TIMETABLE!#REF!,"EB007") -> #REF! | O25: =COUNTIF(TIMETABLE!#REF!,"EB013") -> #REF! | P25: =COUNTIF(TIMETABLE!#REF!,"EB104") -> #REF! | Q25: =COUNTIF(TIMETABLE!#REF!,"EB105") -> #REF! | R25: =COUNTIF(TIMETABLE!#REF!,"EB107") -> #REF! | S25: =COUNTIF(TIMETABLE!#REF!,"EB109") -> #REF! | T25: =COUNTIF(TIMETABLE!#REF!,"EB110") -> #REF! | U25: =COUNTIF(TIMETABLE!#REF!,"MA111") -> #REF! | V25: =COUNTIF(TIMETABLE!#REF!,"MA209") -> #REF! | W25: =COUNTIF(TIMETABLE!#REF!,"MA212") -> #REF! | X25: =COUNTIF(TIMETABLE!#REF!,"DO3") -> #REF! | Y25: =COUNTIF(TIMETABLE!#REF!,"RM2") -> #REF! | Z25: =COUNTIF(TIMETABLE!#REF!,"MZ01") -> #REF! | AA25: =COUNTIF(TIMETABLE!#REF!,"MZ02") -> #REF! | AB25: =COUNTIF(TIMETABLE!#REF!,"RM3") -> #REF! | AC25: =COUNTIF(TIMETABLE!#REF!,"FET203") -> #REF! | AD25: =COUNTIF(TIMETABLE!#REF!,"FET205") -> #REF! | AE25: =COUNTIF(TIMETABLE!#REF!,"FET207") -> #REF! | AF25: =COUNTIF(TIMETABLE!#REF!,"FET208") -> #REF! | AG25: =COUNTIF(TIMETABLE!#REF!,"FET209") -> #REF! | AH25: =COUNTIF(TIMETABLE!#REF!,"FET210") -> #REF!
C26: 12 | AI26: 12
C27: 12 | AI27: 12
D28: =COUNTIF(TIMETABLE!#REF!,"EA005") -> #REF! | E28: =COUNTIF(TIMETABLE!#REF!,"EA006") -> #REF! | F28: =COUNTIF(TIMETABLE!#REF!,"EA009/10") -> #REF! | G28: =COUNTIF(TIMETABLE!#REF!,"EA012") -> #REF! | H28: =COUNTIF(TIMETABLE!#REF!,"EA015") -> #REF! | I28: =COUNTIF(TIMETABLE!#REF!,"EA104") -> #REF! | J28: =COUNTIF(TIMETABLE!#REF!,"EA105") -> #REF! | K28: =COUNTIF(TIMETABLE!#REF!,"EA107") -> #REF! | L28: =COUNTIF(TIMETABLE!#REF!,"EA108") -> #REF! | M28: =COUNTIF(TIMETABLE!#REF!,"EB006") -> #REF! | N28: =COUNTIF(TIMETABLE!#REF!,"EB007") -> #REF! | O28: =COUNTIF(TIMETABLE!#REF!,"EB013") -> #REF! | P28: =COUNTIF(TIMETABLE!#REF!,"EB104") -> #REF! | Q28: =COUNTIF(TIMETABLE!#REF!,"EB105") -> #REF! | R28: =COUNTIF(TIMETABLE!#REF!,"EB107") -> #REF! | S28: =COUNTIF(TIMETABLE!#REF!,"EB109") -> #REF! | T28: =COUNTIF(TIMETABLE!#REF!,"EB110") -> #REF! | U28: =COUNTIF(TIMETABLE!#REF!,"MA111") -> #REF! | V28: =COUNTIF(TIMETABLE!#REF!,"MA209") -> #REF! | W28: =COUNTIF(TIMETABLE!#REF!,"MA212") -> #REF! | X28: =COUNTIF(TIMETABLE!#REF!,"DO3") -> #REF! | Y28: =COUNTIF(TIMETABLE!#REF!,"RM2") -> #REF! | Z28: =COUNTIF(TIMETABLE!#REF!,"MZ01") -> #REF! | AA28: =COUNTIF(TIMETABLE!#REF!,"MZ02") -> #REF! | AB28: =COUNTIF(TIMETABLE!#REF!,"RM3") -> #REF! | AC28: =COUNTIF(TIMETABLE!#REF!,"FET203") -> #REF! | AD28: =COUNTIF(TIMETABLE!#REF!,"FET205") -> #REF! | AE28: =COUNTIF(TIMETABLE!#REF!,"FET207") -> #REF! | AF28: =COUNTIF(TIMETABLE!#REF!,"FET208") -> #REF! | AG28: =COUNTIF(TIMETABLE!#REF!,"FET209") -> #REF! | AH28: =COUNTIF(TIMETABLE!#REF!,"FET210") -> #REF!
C29: 1 | AI29: 1
C33: 2 | AI33: 2
D34: =COUNTIF(TIMETABLE!D21:W21,"EA005") -> 0 | E34: =COUNTIF(TIMETABLE!D21:W21,"EA006") -> 0 | F34: =COUNTIF(TIMETABLE!D21:W21,"EA009/10") -> 0 | G34: =COUNTIF(TIMETABLE!D21:W21,"EA012") -> 0 | H34: =COUNTIF(TIMETABLE!D21:W21,"EA015") -> 0 | I34: =COUNTIF(TIMETABLE!D21:W21,"EA104") -> 0 | J34: =COUNTIF(TIMETABLE!D21:W21,"EA105") -> 0 | K34: =COUNTIF(TIMETABLE!D21:W21,"EA107") -> 0 | L34: =COUNTIF(TIMETABLE!D21:W21,"EA108") -> 0 | M34: =COUNTIF(TIMETABLE!D21:W21,"EB006") -> 0 | N34: =COUNTIF(TIMETABLE!D21:W21,"EB007") -> 0 | O34: =COUNTIF(TIMETABLE!D21:W21,"EB013") -> 0 | P34: =COUNTIF(TIMETABLE!L21:W21,"EB104") -> 0 | Q34: =COUNTIF(TIMETABLE!D21:W21,"EB105") -> 0 | R34: =COUNTIF(TIMETABLE!D21:W21,"EB107") -> 0 | S34: =COUNTIF(TIMETABLE!D21:W21,"EB109") -> 0 | T34: =COUNTIF(TIMETABLE!D21:W21,"EB110") -> 0 | U34: =COUNTIF(TIMETABLE!D21:W21,"MA111") -> 0 | V34: =COUNTIF(TIMETABLE!D21:W21,"MA209") -> 0 | W34: =COUNTIF(TIMETABLE!D21:W21,"MA212") -> 0 | X34: =COUNTIF(TIMETABLE!D21:W21,"DO3") -> 0 | Y34: =COUNTIF(TIMETABLE!D21:W21,"RM2") -> 0 | Z34: =COUNTIF(TIMETABLE!D21:W21,"MZ01") -> 0 | AA34: =COUNTIF(TIMETABLE!D21:W21,"MZ02") -> 0 | AB34: =COUNTIF(TIMETABLE!D21:W21,"RM3") -> 0 | AC34: =COUNTIF(TIMETABLE!D21:W21,"FET203") -> 0 | AD34: =COUNTIF(TIMETABLE!D21:W21,"FET205") -> 0 | AE34: =COUNTIF(TIMETABLE!D21:W21,"FET207") -> 0 | AF34: =COUNTIF(TIMETABLE!D21:W21,"FET208") -> 0 | AG34: =COUNTIF(TIMETABLE!D21:W21,"FET209") -> 0 | AH34: =COUNTIF(TIMETABLE!D21:W21,"FET210") -> 0
C35: 3 | AI35: 3
C36: 3 | AI36: 3
D37: =COUNTIF(TIMETABLE!#REF!,"EA005") -> #REF! | E37: =COUNTIF(TIMETABLE!#REF!,"EA006") -> #REF! | F37: =COUNTIF(TIMETABLE!#REF!,"EA009/10") -> #REF! | G37: =COUNTIF(TIMETABLE!#REF!,"EA012") -> #REF! | H37: =COUNTIF(TIMETABLE!#REF!,"EA015") -> #REF! | I37: =COUNTIF(TIMETABLE!#REF!,"EA104") -> #REF! | J37: =COUNTIF(TIMETABLE!#REF!,"EA105") -> #REF! | K37: =COUNTIF(TIMETABLE!#REF!,"EA107") -> #REF! | L37: =COUNTIF(TIMETABLE!#REF!,"EA108") -> #REF! | M37: =COUNTIF(TIMETABLE!#REF!,"EB006") -> #REF! | N37: =COUNTIF(TIMETABLE!#REF!,"EB007") -> #REF! | O37: =COUNTIF(TIMETABLE!#REF!,"EB013") -> #REF! | P37: =COUNTIF(TIMETABLE!#REF!,"EB104") -> #REF! | Q37: =COUNTIF(TIMETABLE!#REF!,"EB105") -> #REF! | R37: =COUNTIF(TIMETABLE!#REF!,"EB107") -> #REF! | S37: =COUNTIF(TIMETABLE!#REF!,"EB109") -> #REF! | T37: =COUNTIF(TIMETABLE!#REF!,"EB110") -> #REF! | U37: =COUNTIF(TIMETABLE!#REF!,"MA111") -> #REF! | V37: =COUNTIF(TIMETABLE!#REF!,"MA209") -> #REF! | W37: =COUNTIF(TIMETABLE!#REF!,"MA212") -> #REF! | X37: =COUNTIF(TIMETABLE!#REF!,"DO3") -> #REF! | Y37: =COUNTIF(TIMETABLE!#REF!,"RM2") -> #REF! | Z37: =COUNTIF(TIMETABLE!#REF!,"MZ01") -> #REF! | AA37: =COUNTIF(TIMETABLE!#REF!,"MZ02") -> #REF! | AB37: =COUNTIF(TIMETABLE!#REF!,"RM3") -> #REF! | AC37: =COUNTIF(TIMETABLE!#REF!,"FET203") -> #REF! | AD37: =COUNTIF(TIMETABLE!#REF!,"FET205") -> #REF! | AE37: =COUNTIF(TIMETABLE!#REF!,"FET207") -> #REF! | AF37: =COUNTIF(TIMETABLE!#REF!,"FET208") -> #REF! | AG37: =COUNTIF(TIMETABLE!#REF!,"FET209") -> #REF! | AH37: =COUNTIF(TIMETABLE!#REF!,"FET210") -> #REF!
C38: 4 | AI38: 4
C39: 4 | AI39: 4
D40: =COUNTIF(TIMETABLE!#REF!,"EA005") -> #REF! | E40: =COUNTIF(TIMETABLE!#REF!,"EA006") -> #REF! | F40: =COUNTIF(TIMETABLE!#REF!,"EA009/10") -> #REF! | G40: =COUNTIF(TIMETABLE!#REF!,"EA012") -> #REF! | H40: =COUNTIF(TIMETABLE!#REF!,"EA015") -> #REF! | I40: =COUNTIF(TIMETABLE!#REF!,"EA104") -> #REF! | J40: =COUNTIF(TIMETABLE!#REF!,"EA105") -> #REF! | K40: =COUNTIF(TIMETABLE!#REF!,"EA107") -> #REF! | L40: =COUNTIF(TIMETABLE!#REF!,"EA108") -> #REF! | M40: =COUNTIF(TIMETABLE!#REF!,"EB006") -> #REF! | N40: =COUNTIF(TIMETABLE!#REF!,"EB007") -> #REF! | O40: =COUNTIF(TIMETABLE!#REF!,"EB013") -> #REF! | P40: =COUNTIF(TIMETABLE!#REF!,"EB104") -> #REF! | Q40: =COUNTIF(TIMETABLE!#REF!,"EB105") -> #REF! | R40: =COUNTIF(TIMETABLE!#REF!,"EB107") -> #REF! | S40: =COUNTIF(TIMETABLE!#REF!,"EB109") -> #REF! | T40: =COUNTIF(TIMETABLE!#REF!,"EB110") -> #REF! | U40: =COUNTIF(TIMETABLE!#REF!,"MA111") -> #REF! | V40: =COUNTIF(TIMETABLE!#REF!,"MA209") -> #REF! | W40: =COUNTIF(TIMETABLE!#REF!,"MA212") -> #REF! | X40: =COUNTIF(TIMETABLE!#REF!,"DO3") -> #REF! | Y40: =COUNTIF(TIMETABLE!#REF!,"RM2") -> #REF! | Z40: =COUNTIF(TIMETABLE!#REF!,"MZ01") -> #REF! | AA40: =COUNTIF(TIMETABLE!#REF!,"MZ02") -> #REF! | AB40: =COUNTIF(TIMETABLE!#REF!,"RM3") -> #REF! | AC40: =COUNTIF(TIMETABLE!#REF!,"FET203") -> #REF! | AD40: =COUNTIF(TIMETABLE!#REF!,"FET205") -> #REF! | AE40: =COUNTIF(TIMETABLE!#REF!,"FET207") -> #REF! | AF40: =COUNTIF(TIMETABLE!#REF!,"FET208") -> #REF! | AG40: =COUNTIF(TIMETABLE!#REF!,"FET209") -> #REF! | AH40: =COUNTIF(TIMETABLE!#REF!,"FET210") -> #REF!
C41: 5 | AI41: 5
C42: 5 | AI42: 5
D43: =COUNTIF(TIMETABLE!#REF!,"EA005") -> #REF! | E43: =COUNTIF(TIMETABLE!#REF!,"EA006") -> #REF! | F43: =COUNTIF(TIMETABLE!#REF!,"EA009/10") -> #REF! | G43: =COUNTIF(TIMETABLE!#REF!,"EA012") -> #REF! | H43: =COUNTIF(TIMETABLE!#REF!,"EA015") -> #REF! | I43: =COUNTIF(TIMETABLE!#REF!,"EA104") -> #REF! | J43: =COUNTIF(TIMETABLE!#REF!,"EA105") -> #REF! | K43: =COUNTIF(TIMETABLE!#REF!,"EA107") -> #REF! | L43: =COUNTIF(TIMETABLE!#REF!,"EA108") -> #REF! | M43: =COUNTIF(TIMETABLE!#REF!,"EB006") -> #REF! | N43: =COUNTIF(TIMETABLE!#REF!,"EB007") -> #REF! | O43: =COUNTIF(TIMETABLE!#REF!,"EB013") -> #REF! | P43: =COUNTIF(TIMETABLE!#REF!,"EB104") -> #REF! | Q43: =COUNTIF(TIMETABLE!#REF!,"EB105") -> #REF! | R43: =COUNTIF(TIMETABLE!#REF!,"EB107") -> #REF! | S43: =COUNTIF(TIMETABLE!#REF!,"EB109") -> #REF! | T43: =COUNTIF(TIMETABLE!#REF!,"EB110") -> #REF! | U43: =COUNTIF(TIMETABLE!#REF!,"MA111") -> #REF! | V43: =COUNTIF(TIMETABLE!#REF!,"MA209") -> #REF! | W43: =COUNTIF(TIMETABLE!#REF!,"MA212") -> #REF! | X43: =COUNTIF(TIMETABLE!#REF!,"DO3") -> #REF! | Y43: =COUNTIF(TIMETABLE!#REF!,"RM2") -> #REF! | Z43: =COUNTIF(TIMETABLE!#REF!,"MZ01") -> #REF! | AA43: =COUNTIF(TIMETABLE!#REF!,"MZ02") -> #REF! | AB43: =COUNTIF(TIMETABLE!#REF!,"RM3") -> #REF! | AC43: =COUNTIF(TIMETABLE!#REF!,"FET203") -> #REF! | AD43: =COUNTIF(TIMETABLE!#REF!,"FET205") -> #REF! | AE43: =COUNTIF(TIMETABLE!#REF!,"FET207") -> #REF! | AF43: =COUNTIF(TIMETABLE!#REF!,"FET208") -> #REF! | AG43: =COUNTIF(TIMETABLE!#REF!,"FET209") -> #REF! | AH43: =COUNTIF(TIMETABLE!#REF!,"FET210") -> #REF!
C44: 6 | AI44: 6
C45: 6 | AI45: 6
D46: =COUNTIF(TIMETABLE!#REF!,"EA005") -> #REF! | E46: =COUNTIF(TIMETABLE!#REF!,"EA006") -> #REF! | F46: =COUNTIF(TIMETABLE!#REF!,"EA009/10") -> #REF! | G46: =COUNTIF(TIMETABLE!#REF!,"EA012") -> #REF! | H46: =COUNTIF(TIMETABLE!#REF!,"EA015") -> #REF! | I46: =COUNTIF(TIMETABLE!#REF!,"EA104") -> #REF! | J46: =COUNTIF(TIMETABLE!#REF!,"EA105") -> #REF! | K46: =COUNTIF(TIMETABLE!#REF!,"EA107") -> #REF! | L46: =COUNTIF(TIMETABLE!#REF!,"EA108") -> #REF! | M46: =COUNTIF(TIMETABLE!#REF!,"EB006") -> #REF! | N46: =COUNTIF(TIMETABLE!#REF!,"EB007") -> #REF! | O46: =COUNTIF(TIMETABLE!#REF!,"EB013") -> #REF! | P46: =COUNTIF(TIMETABLE!#REF!,"EB104") -> #REF! | Q46: =COUNTIF(TIMETABLE!#REF!,"EB105") -> #REF! | R46: =COUNTIF(TIMETABLE!#REF!,"EB107") -> #REF! | S46: =COUNTIF(TIMETABLE!#REF!,"EB109") -> #REF! | T46: =COUNTIF(TIMETABLE!#REF!,"EB110") -> #REF! | U46: =COUNTIF(TIMETABLE!#REF!,"MA111") -> #REF! | V46: =COUNTIF(TIMETABLE!#REF!,"MA209") -> #REF! | W46: =COUNTIF(TIMETABLE!#REF!,"MA212") -> #REF! | X46: =COUNTIF(TIMETABLE!#REF!,"DO3") -> #REF! | Y46: =COUNTIF(TIMETABLE!#REF!,"RM2") -> #REF! | Z46: =COUNTIF(TIMETABLE!#REF!,"MZ01") -> #REF! | AA46: =COUNTIF(TIMETABLE!#REF!,"MZ02") -> #REF! | AB46: =COUNTIF(TIMETABLE!#REF!,"RM3") -> #REF! | AC46: =COUNTIF(TIMETABLE!#REF!,"FET203") -> #REF! | AD46: =COUNTIF(TIMETABLE!#REF!,"FET205") -> #REF! | AE46: =COUNTIF(TIMETABLE!#REF!,"FET207") -> #REF! | AF46: =COUNTIF(TIMETABLE!#REF!,"FET208") -> #REF! | AG46: =COUNTIF(TIMETABLE!#REF!,"FET209") -> #REF! | AH46: =COUNTIF(TIMETABLE!#REF!,"FET210") -> #REF!
C47: 7 | AI47: 7
C48: 7 | AI48: 7
D49: =COUNTIF(TIMETABLE!D25:W25,"EA005") -> 0 | E49: =COUNTIF(TIMETABLE!D25:W25,"EA006") -> 0 | F49: =COUNTIF(TIMETABLE!D25:W25,"EA009/10") -> 0 | G49: =COUNTIF(TIMETABLE!D25:W25,"EA012") -> 0 | H49: =COUNTIF(TIMETABLE!D25:W25,"EA015") -> 0 | I49: =COUNTIF(TIMETABLE!D25:W25,"EA104") -> 0 | J49: =COUNTIF(TIMETABLE!D25:W25,"EA105") -> 0 | K49: =COUNTIF(TIMETABLE!D25:W25,"EA107") -> 0 | L49: =COUNTIF(TIMETABLE!D25:W25,"EA108") -> 0 | M49: =COUNTIF(TIMETABLE!D25:W25,"EB006") -> 0 | N49: =COUNTIF(TIMETABLE!D25:W25,"EB007") -> 0 | O49: =COUNTIF(TIMETABLE!D25:W25,"EB013") -> 0 | P49: =COUNTIF(TIMETABLE!L25:W25,"EB104") -> 0 | Q49: =COUNTIF(TIMETABLE!D25:W25,"EB105") -> 0 | R49: =COUNTIF(TIMETABLE!D25:W25,"EB107") -> 0 | S49: =COUNTIF(TIMETABLE!D25:W25,"EB109") -> 0 | T49: =COUNTIF(TIMETABLE!D25:W25,"EB110") -> 0 | U49: =COUNTIF(TIMETABLE!D25:W25,"MA111") -> 0 | V49: =COUNTIF(TIMETABLE!D25:W25,"MA209") -> 0 | W49: =COUNTIF(TIMETABLE!D25:W25,"MA212") -> 0 | X49: =COUNTIF(TIMETABLE!D25:W25,"DO3") -> 0 | Y49: =COUNTIF(TIMETABLE!D25:W25,"RM2") -> 0 | Z49: =COUNTIF(TIMETABLE!D25:W25,"MZ01") -> 0 | AA49: =COUNTIF(TIMETABLE!D25:W25,"MZ02") -> 0 | AB49: =COUNTIF(TIMETABLE!D25:W25,"RM3") -> 0 | AC49: =COUNTIF(TIMETABLE!D25:W25,"FET203") -> 0 | AD49: =COUNTIF(TIMETABLE!D25:W25,"FET205") -> 0 | AE49: =COUNTIF(TIMETABLE!D25:W25,"FET207") -> 0 | AF49: =COUNTIF(TIMETABLE!D25:W25,"FET208") -> 0 | AG49: =COUNTIF(TIMETABLE!D25:W25,"FET209") -> 0 | AH49: =COUNTIF(TIMETABLE!D25:W25,"FET210") -> 0
C50: 8 | AI50: 8
B51: T U E S D A Y | C51: 7 | AI51: 7 | AJ51: T U E S D A Y
D52: =COUNTIF(TIMETABLE!D29:W29,"EA005") -> 0 | E52: =COUNTIF(TIMETABLE!D29:W29,"EA006") -> 0 | F52: =COUNTIF(TIMETABLE!D29:W29,"EA009/10") -> 0 | G52: =COUNTIF(TIMETABLE!D29:W29,"EA012") -> 0 | H52: =COUNTIF(TIMETABLE!D29:AB29,"EA015") -> 0 | I52: =COUNTIF(TIMETABLE!D29:AC29,"EA104") -> 0 | J52: 0 | K52: =COUNTIF(TIMETABLE!D29:AB29,"EA107") -> 0 | L52: =COUNTIF(TIMETABLE!D29:AF29,"EA012") -> 0 | M52: =COUNTIF(TIMETABLE!D29:AG29,"EA012") -> 0 | N52: =COUNTIF(TIMETABLE!D29:AH29,"EA012") -> 0 | O52: =COUNTIF(TIMETABLE!D29:W29,"EB013") -> 0 | P52: =COUNTIF(TIMETABLE!L29:W29,"EB104") -> 0 | Q52: =COUNTIF(TIMETABLE!D29:W29,"EB105") -> 0 | R52: =COUNTIF(TIMETABLE!D29:W29,"EB107") -> 0 | S52: =COUNTIF(TIMETABLE!D29:W29,"EB109") -> 0 | T52: =COUNTIF(TIMETABLE!D29:W29,"EB110") -> 0 | U52: =COUNTIF(TIMETABLE!D29:W29,"MA111") -> 0 | V52: =COUNTIF(TIMETABLE!D29:W29,"MA209") -> 0 | W52: =COUNTIF(TIMETABLE!D29:W29,"MA212") -> 0 | X52: =COUNTIF(TIMETABLE!D29:W29,"DO3") -> 0 | Y52: =COUNTIF(TIMETABLE!D29:W29,"RM2") -> 0 | Z52: =COUNTIF(TIMETABLE!D29:W29,"MZ01") -> 0 | AA52: =COUNTIF(TIMETABLE!D29:W29,"MZ02") -> 0 | AB52: =COUNTIF(TIMETABLE!D29:W29,"RM3") -> 0 | AC52: =COUNTIF(TIMETABLE!D29:W29,"FET203") -> 0 | AD52: =COUNTIF(TIMETABLE!D29:W29,"FET205") -> 0 | AE52: =COUNTIF(TIMETABLE!D29:W29,"FET207") -> 0 | AF52: =COUNTIF(TIMETABLE!D29:W29,"FET208") -> 0 | AG52: =COUNTIF(TIMETABLE!D29:W29,"FET209") -> 0 | AH52: =COUNTIF(TIMETABLE!D29:W29,"FET210") -> 0
C53: 8 | AI53: 8
C54: 8 | AI54: 8
D55: =COUNTIF(TIMETABLE!#REF!,"EA005") -> #REF! | E55: =COUNTIF(TIMETABLE!#REF!,"EA006") -> #REF! | F55: =COUNTIF(TIMETABLE!#REF!,"EA009/10") -> #REF! | G55: =COUNTIF(TIMETABLE!#REF!,"EA012") -> #REF! | H55: =COUNTIF(TIMETABLE!#REF!,"EA015") -> #REF! | I55: =COUNTIF(TIMETABLE!#REF!,"EA104") -> #REF! | J55: 0 | K55: =COUNTIF(TIMETABLE!#REF!,"EA107") -> #REF! | N55: =COUNTIF(TIMETABLE!#REF!,"EA012") -> #REF! | O55: =COUNTIF(TIMETABLE!#REF!,"EB013") -> #REF! | P55: =COUNTIF(TIMETABLE!#REF!,"EB104") -> #REF! | Q55: =COUNTIF(TIMETABLE!#REF!,"EB105") -> #REF! | R55: =COUNTIF(TIMETABLE!#REF!,"EB107") -> #REF! | S55: =COUNTIF(TIMETABLE!#REF!,"EB109") -> #REF! | T55: =COUNTIF(TIMETABLE!#REF!,"EB110") -> #REF! | U55: =COUNTIF(TIMETABLE!#REF!,"MA111") -> #REF! | V55: =COUNTIF(TIMETABLE!#REF!,"MA209") -> #REF! | W55: =COUNTIF(TIMETABLE!#REF!,"MA212") -> #REF! | X55: =COUNTIF(TIMETABLE!#REF!,"DO3") -> #REF! | Y55: =COUNTIF(TIMETABLE!#REF!,"RM2") -> #REF! | Z55: =COUNTIF(TIMETABLE!#REF!,"MZ01") -> #REF! | AA55: =COUNTIF(TIMETABLE!#REF!,"MZ02") -> #REF! | AB55: =COUNTIF(TIMETABLE!#REF!,"RM3") -> #REF! | AC55: =COUNTIF(TIMETABLE!#REF!,"FET203") -> #REF! | AD55: =COUNTIF(TIMETABLE!#REF!,"FET205") -> #REF! | AE55: =COUNTIF(TIMETABLE!#REF!,"FET207") -> #REF! | AF55: =COUNTIF(TIMETABLE!#REF!,"FET208") -> #REF! | AG55: =COUNTIF(TIMETABLE!#REF!,"FET209") -> #REF! | AH55: =COUNTIF(TIMETABLE!#REF!,"FET210") -> #REF!
C56: 9 | AI56: 9
C57: 9 | AI57: 9
D58: =COUNTIF(TIMETABLE!#REF!,"EA005") -> #REF! | E58: =COUNTIF(TIMETABLE!#REF!,"EA006") -> #REF! | F58: =COUNTIF(TIMETABLE!#REF!,"EA009/10") -> #REF! | G58: =COUNTIF(TIMETABLE!#REF!,"EA012") -> #REF! | H58: =COUNTIF(TIMETABLE!#REF!,"EA015") -> #REF! | I58: =COUNTIF(TIMETABLE!#REF!,"EA104") -> #REF! | J58: 0 | K58: =COUNTIF(TIMETABLE!#REF!,"EA107") -> #REF! | L58: =COUNTIF(TIMETABLE!#REF!,"EA012") -> #REF! | M58: =COUNTIF(TIMETABLE!#REF!,"EA012") -> #REF! | N58: =COUNTIF(TIMETABLE!#REF!,"EA012") -> #REF! | O58: =COUNTIF(TIMETABLE!#REF!,"EB013") -> #REF! | P58: =COUNTIF(TIMETABLE!#REF!,"EB104") -> #REF! | Q58: =COUNTIF(TIMETABLE!#REF!,"EB105") -> #REF! | R58: =COUNTIF(TIMETABLE!#REF!,"EB107") -> #REF! | S58: =COUNTIF(TIMETABLE!#REF!,"EB109") -> #REF! | T58: =COUNTIF(TIMETABLE!#REF!,"EB110") -> #REF! | U58: =COUNTIF(TIMETABLE!#REF!,"MA111") -> #REF! | V58: =COUNTIF(TIMETABLE!#REF!,"MA209") -> #REF! | W58: =COUNTIF(TIMETABLE!#REF!,"MA212") -> #REF! | X58: =COUNTIF(TIMETABLE!#REF!,"DO3") -> #REF! | Y58: =COUNTIF(TIMETABLE!#REF!,"RM2") -> #REF! | Z58: =COUNTIF(TIMETABLE!#REF!,"MZ01") -> #REF! | AA58: =COUNTIF(TIMETABLE!#REF!,"MZ02") -> #REF! | AB58: =COUNTIF(TIMETABLE!#REF!,"RM3") -> #REF! | AC58: =COUNTIF(TIMETABLE!#REF!,"FET203") -> #REF! | AD58: =COUNTIF(TIMETABLE!#REF!,"FET205") -> #REF! | AE58: =COUNTIF(TIMETABLE!#REF!,"FET207") -> #REF! | AF58: =COUNTIF(TIMETABLE!#REF!,"FET208") -> #REF! | AG58: =COUNTIF(TIMETABLE!#REF!,"FET209") -> #REF! | AH58: =COUNTIF(TIMETABLE!#REF!,"FET210") -> #REF!
C59: 10 | AI59: 10
C60: 10 | AI60: 10
D61: =COUNTIF(TIMETABLE!D33:W33,"EA005") -> 0 | E61: =COUNTIF(TIMETABLE!D33:W33,"EA006") -> 0 | F61: =COUNTIF(TIMETABLE!D33:W33,"EA009/10") -> 0 | G61: =COUNTIF(TIMETABLE!D33:W33,"EA012") -> 0 | H61: =COUNTIF(TIMETABLE!D33:AB33,"EA015") -> 0 | I61: =COUNTIF(TIMETABLE!D33:AC33,"EA104") -> 0 | J61: 0 | K61: =COUNTIF(TIMETABLE!D33:AB33,"EA107") -> 0 | L61: =COUNTIF(TIMETABLE!D33:AF33,"EA012") -> 0 | M61: =COUNTIF(TIMETABLE!D33:AG33,"EA012") -> 0 | N61: =COUNTIF(TIMETABLE!D33:AH33,"EA012") -> 0 | O61: =COUNTIF(TIMETABLE!D33:W33,"EB013") -> 0 | P61: =COUNTIF(TIMETABLE!M33:W33,"EB104") -> 0 | Q61: =COUNTIF(TIMETABLE!D33:W33,"EB105") -> 0 | R61: =COUNTIF(TIMETABLE!D33:W33,"EB107") -> 0 | S61: =COUNTIF(TIMETABLE!D33:W33,"EB109") -> 0 | T61: =COUNTIF(TIMETABLE!D33:W33,"EB110") -> 0 | U61: =COUNTIF(TIMETABLE!D33:W33,"MA111") -> 0 | V61: =COUNTIF(TIMETABLE!D33:W33,"MA209") -> 0 | W61: =COUNTIF(TIMETABLE!D33:W33,"MA212") -> 0 | X61: =COUNTIF(TIMETABLE!D33:W33,"DO3") -> 0 | Y61: =COUNTIF(TIMETABLE!D33:W33,"RM2") -> 0 | Z61: =COUNTIF(TIMETABLE!D33:W33,"MZ01") -> 0 | AA61: =COUNTIF(TIMETABLE!D33:W33,"MZ02") -> 0 | AB61: =COUNTIF(TIMETABLE!D33:W33,"RM3") -> 0 | AC61: =COUNTIF(TIMETABLE!D33:W33,"FET203") -> 0 | AD61: =COUNTIF(TIMETABLE!D33:W33,"FET205") -> 0 | AE61: =COUNTIF(TIMETABLE!D33:W33,"FET207") -> 0 | AF61: =COUNTIF(TIMETABLE!D33:W33,"FET208") -> 0 | AG61: =COUNTIF(TIMETABLE!D33:W33,"FET209") -> 0 | AH61: =COUNTIF(TIMETABLE!D33:W33,"FET210") -> 0
C62: 11 | AI62: 11
C63: 11 | AI63: 11
D64: =COUNTIF(TIMETABLE!#REF!,"EA005") -> #REF! | E64: =COUNTIF(TIMETABLE!#REF!,"EA006") -> #REF! | F64: =COUNTIF(TIMETABLE!#REF!,"EA009/10") -> #REF! | G64: =COUNTIF(TIMETABLE!#REF!,"EA012") -> #REF! | H64: =COUNTIF(TIMETABLE!#REF!,"EA015") -> #REF! | I64: =COUNTIF(TIMETABLE!#REF!,"EA104") -> #REF! | J64: 0 | K64: =COUNTIF(TIMETABLE!#REF!,"EA107") -> #REF! | L64: =COUNTIF(TIMETABLE!#REF!,"EA012") -> #REF! | M64: =COUNTIF(TIMETABLE!#REF!,"EA012") -> #REF! | N64: =COUNTIF(TIMETABLE!#REF!,"EA012") -> #REF! | O64: =COUNTIF(TIMETABLE!#REF!,"EB013") -> #REF! | P64: =COUNTIF(TIMETABLE!#REF!,"EB104") -> #REF! | Q64: =COUNTIF(TIMETABLE!#REF!,"EB105") -> #REF! | R64: =COUNTIF(TIMETABLE!#REF!,"EB107") -> #REF! | S64: =COUNTIF(TIMETABLE!#REF!,"EB109") -> #REF! | T64: =COUNTIF(TIMETABLE!#REF!,"EB110") -> #REF! | U64: =COUNTIF(TIMETABLE!#REF!,"MA111") -> #REF! | V64: =COUNTIF(TIMETABLE!#REF!,"MA209") -> #REF! | W64: =COUNTIF(TIMETABLE!#REF!,"MA212") -> #REF! | X64: =COUNTIF(TIMETABLE!#REF!,"DO3") -> #REF! | Y64: =COUNTIF(TIMETABLE!#REF!,"RM2") -> #REF! | Z64: =COUNTIF(TIMETABLE!#REF!,"MZ01") -> #REF! | AA64: =COUNTIF(TIMETABLE!#REF!,"MZ02") -> #REF! | AB64: =COUNTIF(TIMETABLE!#REF!,"RM3") -> #REF! | AC64: =COUNTIF(TIMETABLE!#REF!,"FET203") -> #REF! | AD64: =COUNTIF(TIMETABLE!#REF!,"FET205") -> #REF! | AE64: =COUNTIF(TIMETABLE!#REF!,"FET207") -> #REF! | AF64: =COUNTIF(TIMETABLE!#REF!,"FET208") -> #REF! | AG64: =COUNTIF(TIMETABLE!#REF!,"FET209") -> #REF! | AH64: =COUNTIF(TIMETABLE!#REF!,"FET210") -> #REF!
C65: 12 | AI65: 12
C66: 12 | AI66: 12
D67: =COUNTIF(TIMETABLE!#REF!,"EA005") -> #REF! | E67: =COUNTIF(TIMETABLE!#REF!,"EA006") -> #REF! | F67: =COUNTIF(TIMETABLE!#REF!,"EA009/10") -> #REF! | G67: =COUNTIF(TIMETABLE!#REF!,"EA012") -> #REF! | H67: =COUNTIF(TIMETABLE!#REF!,"EA015") -> #REF! | I67: =COUNTIF(TIMETABLE!#REF!,"EA104") -> #REF! | J67: 0 | K67: =COUNTIF(TIMETABLE!#REF!,"EA107") -> #REF! | L67: =COUNTIF(TIMETABLE!#REF!,"EA012") -> #REF! | M67: =COUNTIF(TIMETABLE!#REF!,"EA012") -> #REF! | N67: =COUNTIF(TIMETABLE!#REF!,"EA012") -> #REF! | O67: =COUNTIF(TIMETABLE!#REF!,"EB013") -> #REF! | P67: =COUNTIF(TIMETABLE!#REF!,"EB104") -> #REF! | Q67: =COUNTIF(TIMETABLE!#REF!,"EB105") -> #REF! | R67: =COUNTIF(TIMETABLE!#REF!,"EB107") -> #REF! | S67: =COUNTIF(TIMETABLE!#REF!,"EB109") -> #REF! | T67: =COUNTIF(TIMETABLE!#REF!,"EB110") -> #REF! | U67: =COUNTIF(TIMETABLE!#REF!,"MA111") -> #REF! | V67: =COUNTIF(TIMETABLE!#REF!,"MA209") -> #REF! | W67: =COUNTIF(TIMETABLE!#REF!,"MA212") -> #REF! | X67: =COUNTIF(TIMETABLE!#REF!,"DO3") -> #REF! | Y67: =COUNTIF(TIMETABLE!#REF!,"RM2") -> #REF! | Z67: =COUNTIF(TIMETABLE!#REF!,"MZ01") -> #REF! | AA67: =COUNTIF(TIMETABLE!#REF!,"MZ02") -> #REF! | AB67: =COUNTIF(TIMETABLE!#REF!,"RM3") -> #REF! | AC67: =COUNTIF(TIMETABLE!#REF!,"FET203") -> #REF! | AD67: =COUNTIF(TIMETABLE!#REF!,"FET205") -> #REF! | AE67: =COUNTIF(TIMETABLE!#REF!,"FET207") -> #REF! | AF67: =COUNTIF(TIMETABLE!#REF!,"FET208") -> #REF! | AG67: =COUNTIF(TIMETABLE!#REF!,"FET209") -> #REF! | AH67: =COUNTIF(TIMETABLE!#REF!,"FET210") -> #REF!
C68: 1 | AI68: 1
C72: 2 | AI72: 2
D73: =COUNTIF(TIMETABLE!D40:W40,"EA005") -> 0 | E73: =COUNTIF(TIMETABLE!D40:W40,"EA006") -> 0 | F73: =COUNTIF(TIMETABLE!D40:W40,"EA009/10") -> 0 | G73: =COUNTIF(TIMETABLE!D40:W40,"EA012") -> 0 | H73: =COUNTIF(TIMETABLE!D40:W40,"EA015") -> 0 | I73: =COUNTIF(TIMETABLE!D40:W40,"EA104") -> 0 | J73: =COUNTIF(TIMETABLE!D40:W40,"EA105") -> 0 | K73: =COUNTIF(TIMETABLE!D40:W40,"EA107") -> 0 | L73: =COUNTIF(TIMETABLE!D40:W40,"EA108") -> 0 | M73: =COUNTIF(TIMETABLE!D40:W40,"EB006") -> 0 | N73: =COUNTIF(TIMETABLE!D40:W40,"EB007") -> 0 | O73: =COUNTIF(TIMETABLE!D40:W40,"EB013") -> 0 | P73: =COUNTIF(TIMETABLE!L40:W40,"EB104") -> 0 | Q73: =COUNTIF(TIMETABLE!D40:W40,"EB105") -> 0 | R73: =COUNTIF(TIMETABLE!D40:W40,"EB107") -> 0 | S73: =COUNTIF(TIMETABLE!D40:W40,"EB109") -> 0 | T73: =COUNTIF(TIMETABLE!D40:W40,"EB110") -> 0 | U73: =COUNTIF(TIMETABLE!D40:W40,"MA111") -> 0 | V73: =COUNTIF(TIMETABLE!D40:W40,"MA209") -> 0 | W73: =COUNTIF(TIMETABLE!D40:W40,"MA212") -> 0 | X73: =COUNTIF(TIMETABLE!D40:W40,"DO3") -> 1 | Y73: =COUNTIF(TIMETABLE!D40:W40,"RM2") -> 0 | Z73: =COUNTIF(TIMETABLE!D40:W40,"MZ01") -> 0 | AA73: =COUNTIF(TIMETABLE!D40:W40,"MZ02") -> 0 | AB73: =COUNTIF(TIMETABLE!D40:W40,"RM3") -> 0 | AC73: =COUNTIF(TIMETABLE!D40:W40,"FET203") -> 0 | AD73: =COUNTIF(TIMETABLE!D40:W40,"FET205") -> 0 | AE73: =COUNTIF(TIMETABLE!D40:W40,"FET207") -> 0 | AF73: =COUNTIF(TIMETABLE!D40:W40,"FET208") -> 0 | AG73: =COUNTIF(TIMETABLE!D40:W40,"FET209") -> 0 | AH73: =COUNTIF(TIMETABLE!D40:W40,"FET210") -> 0
C74: 3 | AI74: 3
C75: 3 | AI75: 3
D76: =COUNTIF(TIMETABLE!#REF!,"EA005") -> #REF! | E76: =COUNTIF(TIMETABLE!#REF!,"EA006") -> #REF! | F76: =COUNTIF(TIMETABLE!#REF!,"EA009/10") -> #REF! | G76: =COUNTIF(TIMETABLE!#REF!,"EA012") -> #REF! | H76: =COUNTIF(TIMETABLE!#REF!,"EA015") -> #REF! | I76: =COUNTIF(TIMETABLE!#REF!,"EA104") -> #REF! | J76: =COUNTIF(TIMETABLE!#REF!,"EA105") -> #REF! | K76: =COUNTIF(TIMETABLE!#REF!,"EA107") -> #REF! | L76: =COUNTIF(TIMETABLE!#REF!,"EA108") -> #REF! | M76: =COUNTIF(TIMETABLE!#REF!,"EB006") -> #REF! | N76: =COUNTIF(TIMETABLE!#REF!,"EB007") -> #REF! | O76: =COUNTIF(TIMETABLE!#REF!,"EB013") -> #REF! | P76: =COUNTIF(TIMETABLE!#REF!,"EB104") -> #REF! | Q76: =COUNTIF(TIMETABLE!#REF!,"EB105") -> #REF! | R76: =COUNTIF(TIMETABLE!#REF!,"EB107") -> #REF! | S76: =COUNTIF(TIMETABLE!#REF!,"EB109") -> #REF! | T76: =COUNTIF(TIMETABLE!#REF!,"EB110") -> #REF! | U76: =COUNTIF(TIMETABLE!#REF!,"MA111") -> #REF! | V76: =COUNTIF(TIMETABLE!#REF!,"MA209") -> #REF! | W76: =COUNTIF(TIMETABLE!#REF!,"MA212") -> #REF! | X76: =COUNTIF(TIMETABLE!#REF!,"DO3") -> #REF! | Y76: =COUNTIF(TIMETABLE!#REF!,"RM2") -> #REF! | Z76: =COUNTIF(TIMETABLE!#REF!,"MZ01") -> #REF! | AA76: =COUNTIF(TIMETABLE!#REF!,"MZ02") -> #REF! | AB76: =COUNTIF(TIMETABLE!#REF!,"RM3") -> #REF! | AC76: =COUNTIF(TIMETABLE!#REF!,"FET203") -> #REF! | AD76: =COUNTIF(TIMETABLE!#REF!,"FET205") -> #REF! | AE76: =COUNTIF(TIMETABLE!#REF!,"FET207") -> #REF! | AF76: =COUNTIF(TIMETABLE!#REF!,"FET208") -> #REF! | AG76: =COUNTIF(TIMETABLE!#REF!,"FET209") -> #REF! | AH76: =COUNTIF(TIMETABLE!#REF!,"FET210") -> #REF!
C77: 4 | AI77: 4
C78: 4 | AI78: 4
D79: =COUNTIF(TIMETABLE!#REF!,"EA005") -> #REF! | E79: =COUNTIF(TIMETABLE!#REF!,"EA006") -> #REF! | F79: =COUNTIF(TIMETABLE!#REF!,"EA009/10") -> #REF! | G79: =COUNTIF(TIMETABLE!#REF!,"EA012") -> #REF! | H79: =COUNTIF(TIMETABLE!#REF!,"EA015") -> #REF! | I79: =COUNTIF(TIMETABLE!#REF!,"EA104") -> #REF! | J79: =COUNTIF(TIMETABLE!#REF!,"EA105") -> #REF! | K79: =COUNTIF(TIMETABLE!#REF!,"EA107") -> #REF! | L79: =COUNTIF(TIMETABLE!#REF!,"EA108") -> #REF! | M79: =COUNTIF(TIMETABLE!#REF!,"EB006") -> #REF! | N79: =COUNTIF(TIMETABLE!#REF!,"EB007") -> #REF! | O79: =COUNTIF(TIMETABLE!#REF!,"EB013") -> #REF! | P79: =COUNTIF(TIMETABLE!#REF!,"EB104") -> #REF! | Q79: =COUNTIF(TIMETABLE!#REF!,"EB105") -> #REF! | R79: =COUNTIF(TIMETABLE!#REF!,"EB107") -> #REF! | S79: =COUNTIF(TIMETABLE!#REF!,"EB109") -> #REF! | T79: =COUNTIF(TIMETABLE!#REF!,"EB110") -> #REF! | U79: =COUNTIF(TIMETABLE!#REF!,"MA111") -> #REF! | V79: =COUNTIF(TIMETABLE!#REF!,"MA209") -> #REF! | W79: =COUNTIF(TIMETABLE!#REF!,"MA212") -> #REF! | X79: =COUNTIF(TIMETABLE!#REF!,"DO3") -> #REF! | Y79: =COUNTIF(TIMETABLE!#REF!,"RM2") -> #REF! | Z79: =COUNTIF(TIMETABLE!#REF!,"MZ01") -> #REF! | AA79: =COUNTIF(TIMETABLE!#REF!,"MZ02") -> #REF! | AB79: =COUNTIF(TIMETABLE!#REF!,"RM3") -> #REF! | AC79: =COUNTIF(TIMETABLE!#REF!,"FET203") -> #REF! | AD79: =COUNTIF(TIMETABLE!#REF!,"FET205") -> #REF! | AE79: =COUNTIF(TIMETABLE!#REF!,"FET207") -> #REF! | AF79: =COUNTIF(TIMETABLE!#REF!,"FET208") -> #REF! | AG79: =COUNTIF(TIMETABLE!#REF!,"FET209") -> #REF! | AH79: =COUNTIF(TIMETABLE!#REF!,"FET210") -> #REF!
C80: 5 | AI80: 5
C81: 5 | AI81: 5
D82: =COUNTIF(TIMETABLE!D44:W44,"EA005") -> 0 | E82: =COUNTIF(TIMETABLE!D44:W44,"EA006") -> 0 | F82: =COUNTIF(TIMETABLE!D44:W44,"EA009/10") -> 0 | G82: =COUNTIF(TIMETABLE!D44:W44,"EA012") -> 0 | H82: =COUNTIF(TIMETABLE!D44:W44,"EA015") -> 0 | I82: =COUNTIF(TIMETABLE!D44:W44,"EA104") -> 0 | J82: =COUNTIF(TIMETABLE!D44:W44,"EA105") -> 0 | K82: =COUNTIF(TIMETABLE!D44:W44,"EA107") -> 0 | L82: =COUNTIF(TIMETABLE!D44:W44,"EA108") -> 0 | M82: =COUNTIF(TIMETABLE!D44:W44,"EB006") -> 0 | N82: =COUNTIF(TIMETABLE!D44:W44,"EB007") -> 0 | O82: =COUNTIF(TIMETABLE!D44:W44,"EB013") -> 0 | P82: =COUNTIF(TIMETABLE!L44:W44,"EB104") -> 0 | Q82: =COUNTIF(TIMETABLE!D44:W44,"EB105") -> 0 | R82: =COUNTIF(TIMETABLE!D44:W44,"EB107") -> 0 | S82: =COUNTIF(TIMETABLE!D44:W44,"EB109") -> 0 | T82: =COUNTIF(TIMETABLE!D44:W44,"EB110") -> 0 | U82: =COUNTIF(TIMETABLE!D44:W44,"MA111") -> 0 | V82: =COUNTIF(TIMETABLE!D44:W44,"MA209") -> 0 | W82: =COUNTIF(TIMETABLE!D44:W44,"MA212") -> 0 | X82: =COUNTIF(TIMETABLE!D44:W44,"DO3") -> 0 | Y82: =COUNTIF(TIMETABLE!D44:W44,"RM2") -> 0 | Z82: =COUNTIF(TIMETABLE!D44:W44,"MZ01") -> 0 | AA82: =COUNTIF(TIMETABLE!D44:W44,"MZ02") -> 0 | AB82: =COUNTIF(TIMETABLE!D44:W44,"RM3") -> 0 | AC82: =COUNTIF(TIMETABLE!D44:W44,"FET203") -> 0 | AD82: =COUNTIF(TIMETABLE!D44:W44,"FET205") -> 0 | AE82: =COUNTIF(TIMETABLE!D44:W44,"FET207") -> 0 | AF82: =COUNTIF(TIMETABLE!D44:W44,"FET208") -> 0 | AG82: =COUNTIF(TIMETABLE!D44:W44,"FET209") -> 0 | AH82: =COUNTIF(TIMETABLE!D44:W44,"FET210") -> 0
C83: 6 | AI83: 6
C84: 6 | AI84: 6
D85: =COUNTIF(TIMETABLE!#REF!,"EA005") -> #REF! | E85: =COUNTIF(TIMETABLE!#REF!,"EA006") -> #REF! | F85: =COUNTIF(TIMETABLE!#REF!,"EA009/10") -> #REF! | G85: =COUNTIF(TIMETABLE!#REF!,"EA012") -> #REF! | H85: =COUNTIF(TIMETABLE!#REF!,"EA015") -> #REF! | I85: =COUNTIF(TIMETABLE!#REF!,"EA104") -> #REF! | J85: =COUNTIF(TIMETABLE!#REF!,"EA105") -> #REF! | K85: =COUNTIF(TIMETABLE!#REF!,"EA107") -> #REF! | L85: =COUNTIF(TIMETABLE!#REF!,"EA108") -> #REF! | M85: =COUNTIF(TIMETABLE!#REF!,"EB006") -> #REF! | N85: =COUNTIF(TIMETABLE!#REF!,"EB007") -> #REF! | O85: =COUNTIF(TIMETABLE!#REF!,"EB013") -> #REF! | P85: =COUNTIF(TIMETABLE!#REF!,"EB104") -> #REF! | Q85: =COUNTIF(TIMETABLE!#REF!,"EB105") -> #REF! | R85: =COUNTIF(TIMETABLE!#REF!,"EB107") -> #REF! | S85: =COUNTIF(TIMETABLE!#REF!,"EB109") -> #REF! | T85: =COUNTIF(TIMETABLE!#REF!,"EB110") -> #REF! | U85: =COUNTIF(TIMETABLE!#REF!,"MA111") -> #REF! | V85: =COUNTIF(TIMETABLE!#REF!,"MA209") -> #REF! | W85: =COUNTIF(TIMETABLE!#REF!,"MA212") -> #REF! | X85: =COUNTIF(TIMETABLE!#REF!,"DO3") -> #REF! | Y85: =COUNTIF(TIMETABLE!#REF!,"RM2") -> #REF! | Z85: =COUNTIF(TIMETABLE!#REF!,"MZ01") -> #REF! | AA85: =COUNTIF(TIMETABLE!#REF!,"MZ02") -> #REF! | AB85: =COUNTIF(TIMETABLE!#REF!,"RM3") -> #REF! | AC85: =COUNTIF(TIMETABLE!#REF!,"FET203") -> #REF! | AD85: =COUNTIF(TIMETABLE!#REF!,"FET205") -> #REF! | AE85: =COUNTIF(TIMETABLE!#REF!,"FET207") -> #REF! | AF85: =COUNTIF(TIMETABLE!#REF!,"FET208") -> #REF! | AG85: =COUNTIF(TIMETABLE!#REF!,"FET209") -> #REF! | AH85: =COUNTIF(TIMETABLE!#REF!,"FET210") -> #REF!
C86: 7 | AI86: 7
C87: 7 | AI87: 7
D88: =COUNTIF(TIMETABLE!#REF!,"EA005") -> #REF! | E88: =COUNTIF(TIMETABLE!#REF!,"EA006") -> #REF! | F88: =COUNTIF(TIMETABLE!#REF!,"EA009/10") -> #REF! | G88: =COUNTIF(TIMETABLE!#REF!,"EA012") -> #REF! | H88: =COUNTIF(TIMETABLE!#REF!,"EA015") -> #REF! | I88: =COUNTIF(TIMETABLE!#REF!,"EA104") -> #REF! | J88: =COUNTIF(TIMETABLE!#REF!,"EA105") -> #REF! | K88: =COUNTIF(TIMETABLE!#REF!,"EA107") -> #REF! | L88: =COUNTIF(TIMETABLE!#REF!,"EA108") -> #REF! | M88: =COUNTIF(TIMETABLE!#REF!,"EB006") -> #REF! | N88: =COUNTIF(TIMETABLE!#REF!,"EB007") -> #REF! | O88: =COUNTIF(TIMETABLE!#REF!,"EB013") -> #REF! | P88: =COUNTIF(TIMETABLE!#REF!,"EB104") -> #REF! | Q88: =COUNTIF(TIMETABLE!#REF!,"EB105") -> #REF! | R88: =COUNTIF(TIMETABLE!#REF!,"EB107") -> #REF! | S88: =COUNTIF(TIMETABLE!#REF!,"EB109") -> #REF! | T88: =COUNTIF(TIMETABLE!#REF!,"EB110") -> #REF! | U88: =COUNTIF(TIMETABLE!#REF!,"MA111") -> #REF! | V88: =COUNTIF(TIMETABLE!#REF!,"MA209") -> #REF! | W88: =COUNTIF(TIMETABLE!#REF!,"MA212") -> #REF! | X88: =COUNTIF(TIMETABLE!#REF!,"DO3") -> #REF! | Y88: =COUNTIF(TIMETABLE!#REF!,"RM2") -> #REF! | Z88: =COUNTIF(TIMETABLE!#REF!,"MZ01") -> #REF! | AA88: =COUNTIF(TIMETABLE!#REF!,"MZ02") -> #REF! | AB88: =COUNTIF(TIMETABLE!#REF!,"RM3") -> #REF! | AC88: =COUNTIF(TIMETABLE!#REF!,"FET203") -> #REF! | AD88: =COUNTIF(TIMETABLE!#REF!,"FET205") -> #REF! | AE88: =COUNTIF(TIMETABLE!#REF!,"FET207") -> #REF! | AF88: =COUNTIF(TIMETABLE!#REF!,"FET208") -> #REF! | AG88: =COUNTIF(TIMETABLE!#REF!,"FET209") -> #REF! | AH88: =COUNTIF(TIMETABLE!#REF!,"FET210") -> #REF!
C89: 8 | AI89: 8
B90: W E D N E S D A Y | C90: 7 | AI90: 7 | AJ90: W E D N E S D A Y
D91: =COUNTIF(TIMETABLE!D48:W48,"EA005") -> 0 | E91: =COUNTIF(TIMETABLE!D48:W48,"EA006") -> 0 | F91: =COUNTIF(TIMETABLE!D48:W48,"EA009/10") -> 0 | G91: =COUNTIF(TIMETABLE!D48:W48,"EA012") -> 0 | H91: =COUNTIF(TIMETABLE!D48:W48,"EA015") -> 0 | I91: =COUNTIF(TIMETABLE!D48:W48,"EA104") -> 0 | J91: =COUNTIF(TIMETABLE!D48:W48,"EA105") -> 0 | K91: =COUNTIF(TIMETABLE!D48:W48,"EA107") -> 0 | L91: =COUNTIF(TIMETABLE!D48:W48,"EA108") -> 0 | M91: =COUNTIF(TIMETABLE!D48:W48,"EB006") -> 0 | N91: =COUNTIF(TIMETABLE!D48:W48,"EB007") -> 0 | O91: =COUNTIF(TIMETABLE!D48:W48,"EB013") -> 0 | P91: =COUNTIF(TIMETABLE!L48:W48,"EB104") -> 0 | Q91: =COUNTIF(TIMETABLE!D48:W48,"EB105") -> 0 | R91: =COUNTIF(TIMETABLE!D48:W48,"EB107") -> 0 | S91: =COUNTIF(TIMETABLE!D48:W48,"EB109") -> 0 | T91: =COUNTIF(TIMETABLE!D48:W48,"EB110") -> 0 | U91: =COUNTIF(TIMETABLE!D48:W48,"MA111") -> 0 | V91: =COUNTIF(TIMETABLE!D48:W48,"MA209") -> 0 | W91: =COUNTIF(TIMETABLE!D48:W48,"MA212") -> 0 | X91: =COUNTIF(TIMETABLE!D48:W48,"DO3") -> 0 | Y91: =COUNTIF(TIMETABLE!D48:W48,"RM2") -> 0 | Z91: =COUNTIF(TIMETABLE!D48:W48,"MZ01") -> 0 | AA91: =COUNTIF(TIMETABLE!D48:W48,"MZ02") -> 0 | AB91: =COUNTIF(TIMETABLE!D48:W48,"RM3") -> 0 | AC91: =COUNTIF(TIMETABLE!D48:W48,"FET203") -> 0 | AD91: =COUNTIF(TIMETABLE!D48:W48,"FET205") -> 0 | AE91: =COUNTIF(TIMETABLE!D48:W48,"FET207") -> 0 | AF91: =COUNTIF(TIMETABLE!D48:W48,"FET208") -> 0 | AG91: =COUNTIF(TIMETABLE!D48:W48,"FET209") -> 0 | AH91: =COUNTIF(TIMETABLE!D48:W48,"FET210") -> 0
C92: 8 | AI92: 8
C93: 8 | AI93: 8
D94: =COUNTIF(TIMETABLE!#REF!,"EA005") -> #REF! | E94: =COUNTIF(TIMETABLE!#REF!,"EA006") -> #REF! | F94: =COUNTIF(TIMETABLE!#REF!,"EA009/10") -> #REF! | G94: =COUNTIF(TIMETABLE!#REF!,"EA012") -> #REF! | H94: =COUNTIF(TIMETABLE!#REF!,"EA015") -> #REF! | I94: =COUNTIF(TIMETABLE!#REF!,"EA104") -> #REF! | J94: =COUNTIF(TIMETABLE!#REF!,"EA105") -> #REF! | K94: =COUNTIF(TIMETABLE!#REF!,"EA107") -> #REF! | L94: =COUNTIF(TIMETABLE!#REF!,"EA108") -> #REF! | M94: =COUNTIF(TIMETABLE!#REF!,"EB006") -> #REF! | N94: =COUNTIF(TIMETABLE!#REF!,"EB007") -> #REF! | O94: =COUNTIF(TIMETABLE!#REF!,"EB013") -> #REF! | P94: =COUNTIF(TIMETABLE!#REF!,"EB104") -> #REF! | Q94: =COUNTIF(TIMETABLE!#REF!,"EB105") -> #REF! | R94: =COUNTIF(TIMETABLE!#REF!,"EB107") -> #REF! | S94: =COUNTIF(TIMETABLE!#REF!,"EB109") -> #REF! | T94: =COUNTIF(TIMETABLE!#REF!,"EB110") -> #REF! | U94: =COUNTIF(TIMETABLE!#REF!,"MA111") -> #REF! | V94: =COUNTIF(TIMETABLE!#REF!,"MA209") -> #REF! | W94: =COUNTIF(TIMETABLE!#REF!,"MA212") -> #REF! | X94: =COUNTIF(TIMETABLE!#REF!,"DO3") -> #REF! | Y94: =COUNTIF(TIMETABLE!#REF!,"RM2") -> #REF! | Z94: =COUNTIF(TIMETABLE!#REF!,"MZ01") -> #REF! | AA94: =COUNTIF(TIMETABLE!#REF!,"MZ02") -> #REF! | AB94: =COUNTIF(TIMETABLE!#REF!,"RM3") -> #REF! | AC94: =COUNTIF(TIMETABLE!#REF!,"FET203") -> #REF! | AD94: =COUNTIF(TIMETABLE!#REF!,"FET205") -> #REF! | AE94: =COUNTIF(TIMETABLE!#REF!,"FET207") -> #REF! | AF94: =COUNTIF(TIMETABLE!#REF!,"FET208") -> #REF! | AG94: =COUNTIF(TIMETABLE!#REF!,"FET209") -> #REF! | AH94: =COUNTIF(TIMETABLE!#REF!,"FET210") -> #REF!
C95: 9 | AI95: 9
C96: 9 | AI96: 9
D97: =COUNTIF(TIMETABLE!#REF!,"EA005") -> #REF! | E97: =COUNTIF(TIMETABLE!#REF!,"EA006") -> #REF! | F97: =COUNTIF(TIMETABLE!#REF!,"EA009/10") -> #REF! | G97: =COUNTIF(TIMETABLE!#REF!,"EA012") -> #REF! | H97: =COUNTIF(TIMETABLE!#REF!,"EA015") -> #REF! | I97: =COUNTIF(TIMETABLE!#REF!,"EA104") -> #REF! | J97: =COUNTIF(TIMETABLE!#REF!,"EA105") -> #REF! | K97: =COUNTIF(TIMETABLE!#REF!,"EA107") -> #REF! | L97: =COUNTIF(TIMETABLE!#REF!,"EA108") -> #REF! | M97: =COUNTIF(TIMETABLE!#REF!,"EB006") -> #REF! | N97: =COUNTIF(TIMETABLE!#REF!,"EB007") -> #REF! | O97: =COUNTIF(TIMETABLE!#REF!,"EB013") -> #REF! | P97: =COUNTIF(TIMETABLE!#REF!,"EB104") -> #REF! | Q97: =COUNTIF(TIMETABLE!#REF!,"EB105") -> #REF! | R97: =COUNTIF(TIMETABLE!#REF!,"EB107") -> #REF! | S97: =COUNTIF(TIMETABLE!#REF!,"EB109") -> #REF! | T97: =COUNTIF(TIMETABLE!#REF!,"EB110") -> #REF! | U97: =COUNTIF(TIMETABLE!#REF!,"MA111") -> #REF! | V97: =COUNTIF(TIMETABLE!#REF!,"MA209") -> #REF! | W97: =COUNTIF(TIMETABLE!#REF!,"MA212") -> #REF! | X97: =COUNTIF(TIMETABLE!#REF!,"DO3") -> #REF! | Y97: =COUNTIF(TIMETABLE!#REF!,"RM2") -> #REF! | Z97: =COUNTIF(TIMETABLE!#REF!,"MZ01") -> #REF! | AA97: =COUNTIF(TIMETABLE!#REF!,"MZ02") -> #REF! | AB97: =COUNTIF(TIMETABLE!#REF!,"RM3") -> #REF! | AC97: =COUNTIF(TIMETABLE!#REF!,"FET203") -> #REF! | AD97: =COUNTIF(TIMETABLE!#REF!,"FET205") -> #REF! | AE97: =COUNTIF(TIMETABLE!#REF!,"FET207") -> #REF! | AF97: =COUNTIF(TIMETABLE!#REF!,"FET208") -> #REF! | AG97: =COUNTIF(TIMETABLE!#REF!,"FET209") -> #REF! | AH97: =COUNTIF(TIMETABLE!#REF!,"FET210") -> #REF!
C98: 10 | AI98: 10
C99: 10 | AI99: 10
D100: =COUNTIF(TIMETABLE!D52:W52,"EA005") -> 0 | E100: =COUNTIF(TIMETABLE!D52:W52,"EA006") -> 0 | F100: =COUNTIF(TIMETABLE!D52:W52,"EA009/10") -> 0 | G100: =COUNTIF(TIMETABLE!D52:W52,"EA012") -> 0 | H100: =COUNTIF(TIMETABLE!D52:W52,"EA015") -> 0 | I100: =COUNTIF(TIMETABLE!D52:W52,"EA104") -> 0 | J100: =COUNTIF(TIMETABLE!D52:W52,"EA105") -> 0 | K100: =COUNTIF(TIMETABLE!D52:W52,"EA107") -> 0 | L100: =COUNTIF(TIMETABLE!D52:W52,"EA108") -> 0 | M100: =COUNTIF(TIMETABLE!D52:W52,"EB006") -> 0 | N100: =COUNTIF(TIMETABLE!D52:W52,"EB007") -> 0 | O100: =COUNTIF(TIMETABLE!D52:W52,"EB013") -> 0 | P100: =COUNTIF(TIMETABLE!L52:W52,"EB104") -> 0 | Q100: =COUNTIF(TIMETABLE!D52:W52,"EB105") -> 0 | R100: =COUNTIF(TIMETABLE!D52:W52,"EB107") -> 0 | S100: =COUNTIF(TIMETABLE!D52:W52,"EB109") -> 0 | T100: =COUNTIF(TIMETABLE!D52:W52,"EB110") -> 0 | U100: =COUNTIF(TIMETABLE!D52:W52,"MA111") -> 0 | V100: =COUNTIF(TIMETABLE!D52:W52,"MA209") -> 0 | W100: =COUNTIF(TIMETABLE!D52:W52,"MA212") -> 0 | X100: =COUNTIF(TIMETABLE!D52:W52,"DO3") -> 1 | Y100: =COUNTIF(TIMETABLE!D52:W52,"RM2") -> 0 | Z100: =COUNTIF(TIMETABLE!D52:W52,"MZ01") -> 0 | AA100: =COUNTIF(TIMETABLE!D52:W52,"MZ02") -> 0 | AB100: =COUNTIF(TIMETABLE!D52:W52,"RM3") -> 0 | AC100: =COUNTIF(TIMETABLE!D52:W52,"FET203") -> 0 | AD100: =COUNTIF(TIMETABLE!D52:W52,"FET205") -> 0 | AE100: =COUNTIF(TIMETABLE!D52:W52,"FET207") -> 0 | AF100: =COUNTIF(TIMETABLE!D52:W52,"FET208") -> 0 | AG100: =COUNTIF(TIMETABLE!D52:W52,"FET209") -> 0 | AH100: =COUNTIF(TIMETABLE!D52:W52,"FET210") -> 0
C101: 11 | AI101: 11
C102: 11 | AI102: 11
D103: =COUNTIF(TIMETABLE!#REF!,"EA005") -> #REF! | E103: =COUNTIF(TIMETABLE!#REF!,"EA006") -> #REF! | F103: =COUNTIF(TIMETABLE!#REF!,"EA009/10") -> #REF! | G103: =COUNTIF(TIMETABLE!#REF!,"EA012") -> #REF! | H103: =COUNTIF(TIMETABLE!#REF!,"EA015") -> #REF! | I103: =COUNTIF(TIMETABLE!#REF!,"EA104") -> #REF! | J103: =COUNTIF(TIMETABLE!#REF!,"EA105") -> #REF! | K103: =COUNTIF(TIMETABLE!#REF!,"EA107") -> #REF! | L103: =COUNTIF(TIMETABLE!#REF!,"EA108") -> #REF! | M103: =COUNTIF(TIMETABLE!#REF!,"EB006") -> #REF! | N103: =COUNTIF(TIMETABLE!#REF!,"EB007") -> #REF! | O103: =COUNTIF(TIMETABLE!#REF!,"EB013") -> #REF! | P103: =COUNTIF(TIMETABLE!#REF!,"EB104") -> #REF! | Q103: =COUNTIF(TIMETABLE!#REF!,"EB105") -> #REF! | R103: =COUNTIF(TIMETABLE!#REF!,"EB107") -> #REF! | S103: =COUNTIF(TIMETABLE!#REF!,"EB109") -> #REF! | T103: =COUNTIF(TIMETABLE!#REF!,"EB110") -> #REF! | U103: =COUNTIF(TIMETABLE!#REF!,"MA111") -> #REF! | V103: =COUNTIF(TIMETABLE!#REF!,"MA209") -> #REF! | W103: =COUNTIF(TIMETABLE!#REF!,"MA212") -> #REF! | X103: =COUNTIF(TIMETABLE!#REF!,"DO3") -> #REF! | Y103: =COUNTIF(TIMETABLE!#REF!,"RM2") -> #REF! | Z103: =COUNTIF(TIMETABLE!#REF!,"MZ01") -> #REF! | AA103: =COUNTIF(TIMETABLE!#REF!,"MZ02") -> #REF! | AB103: =COUNTIF(TIMETABLE!#REF!,"RM3") -> #REF! | AC103: =COUNTIF(TIMETABLE!#REF!,"FET203") -> #REF! | AD103: =COUNTIF(TIMETABLE!#REF!,"FET205") -> #REF! | AE103: =COUNTIF(TIMETABLE!#REF!,"FET207") -> #REF! | AF103: =COUNTIF(TIMETABLE!#REF!,"FET208") -> #REF! | AG103: =COUNTIF(TIMETABLE!#REF!,"FET209") -> #REF! | AH103: =COUNTIF(TIMETABLE!#REF!,"FET210") -> #REF!
C104: 12 | AI104: 12
C105: 12 | AI105: 12
D106: =COUNTIF(TIMETABLE!#REF!,"EA005") -> #REF! | E106: =COUNTIF(TIMETABLE!#REF!,"EA006") -> #REF! | F106: =COUNTIF(TIMETABLE!#REF!,"EA009/10") -> #REF! | G106: =COUNTIF(TIMETABLE!#REF!,"EA012") -> #REF! | H106: =COUNTIF(TIMETABLE!#REF!,"EA015") -> #REF! | I106: =COUNTIF(TIMETABLE!#REF!,"EA104") -> #REF! | J106: =COUNTIF(TIMETABLE!#REF!,"EA105") -> #REF! | K106: =COUNTIF(TIMETABLE!#REF!,"EA107") -> #REF! | L106: =COUNTIF(TIMETABLE!#REF!,"EA108") -> #REF! | M106: =COUNTIF(TIMETABLE!#REF!,"EB006") -> #REF! | N106: =COUNTIF(TIMETABLE!#REF!,"EB007") -> #REF! | O106: =COUNTIF(TIMETABLE!#REF!,"EB013") -> #REF! | P106: =COUNTIF(TIMETABLE!#REF!,"EB104") -> #REF! | Q106: =COUNTIF(TIMETABLE!#REF!,"EB105") -> #REF! | R106: =COUNTIF(TIMETABLE!#REF!,"EB107") -> #REF! | S106: =COUNTIF(TIMETABLE!#REF!,"EB109") -> #REF! | T106: =COUNTIF(TIMETABLE!#REF!,"EB110") -> #REF! | U106: =COUNTIF(TIMETABLE!#REF!,"MA111") -> #REF! | V106: =COUNTIF(TIMETABLE!#REF!,"MA209") -> #REF! | W106: =COUNTIF(TIMETABLE!#REF!,"MA212") -> #REF! | X106: =COUNTIF(TIMETABLE!#REF!,"DO3") -> #REF! | Y106: =COUNTIF(TIMETABLE!#REF!,"RM2") -> #REF! | Z106: =COUNTIF(TIMETABLE!#REF!,"MZ01") -> #REF! | AA106: =COUNTIF(TIMETABLE!#REF!,"MZ02") -> #REF! | AB106: =COUNTIF(TIMETABLE!#REF!,"RM3") -> #REF! | AC106: =COUNTIF(TIMETABLE!#REF!,"FET203") -> #REF! | AD106: =COUNTIF(TIMETABLE!#REF!,"FET205") -> #REF! | AE106: =COUNTIF(TIMETABLE!#REF!,"FET207") -> #REF! | AF106: =COUNTIF(TIMETABLE!#REF!,"FET208") -> #REF! | AG106: =COUNTIF(TIMETABLE!#REF!,"FET209") -> #REF! | AH106: =COUNTIF(TIMETABLE!#REF!,"FET210") -> #REF!
C107: 1 | AI107: 1
C111: 2 | AI111: 2
D112: =COUNTIF(TIMETABLE!D59:W59,"EA005") -> 0 | E112: =COUNTIF(TIMETABLE!D59:W59,"EA006") -> 0 | F112: =COUNTIF(TIMETABLE!D59:W59,"EA009/10") -> 0 | G112: =COUNTIF(TIMETABLE!D59:W59,"EA012") -> 0 | H112: =COUNTIF(TIMETABLE!D59:W59,"EA015") -> 0 | I112: =COUNTIF(TIMETABLE!D59:W59,"EA104") -> 0 | J112: =COUNTIF(TIMETABLE!D59:W59,"EA105") -> 0 | K112: =COUNTIF(TIMETABLE!D59:W59,"EA107") -> 0 | L112: =COUNTIF(TIMETABLE!D59:W59,"EA108") -> 0 | M112: =COUNTIF(TIMETABLE!D59:W59,"EB006") -> 0 | N112: =COUNTIF(TIMETABLE!D59:W59,"EB007") -> 0 | O112: =COUNTIF(TIMETABLE!D59:W59,"EB013") -> 0 | P112: =COUNTIF(TIMETABLE!L59:W59,"EB104") -> 0 | Q112: =COUNTIF(TIMETABLE!D59:W59,"EB105") -> 0 | R112: =COUNTIF(TIMETABLE!D59:W59,"EB107") -> 0 | S112: =COUNTIF(TIMETABLE!D59:W59,"EB109") -> 0 | T112: =COUNTIF(TIMETABLE!D59:W59,"EB110") -> 0 | U112: =COUNTIF(TIMETABLE!D59:W59,"MA111") -> 0 | V112: =COUNTIF(TIMETABLE!D59:W59,"MA209") -> 0 | W112: =COUNTIF(TIMETABLE!D59:W59,"MA212") -> 0 | X112: =COUNTIF(TIMETABLE!D59:W59,"DO3") -> 1 | Y112: =COUNTIF(TIMETABLE!D59:W59,"RM2") -> 0 | Z112: =COUNTIF(TIMETABLE!D59:W59,"MZ01") -> 0 | AA112: =COUNTIF(TIMETABLE!D59:W59,"MZ02") -> 0 | AB112: =COUNTIF(TIMETABLE!D59:W59,"RM3") -> 0 | AC112: =COUNTIF(TIMETABLE!D59:W59,"FET203") -> 0 | AD112: =COUNTIF(TIMETABLE!D59:W59,"FET205") -> 0 | AE112: =COUNTIF(TIMETABLE!D59:W59,"FET207") -> 0 | AF112: =COUNTIF(TIMETABLE!D59:W59,"FET208") -> 0 | AG112: =COUNTIF(TIMETABLE!D59:W59,"FET209") -> 0 | AH112: =COUNTIF(TIMETABLE!D59:W59,"FET210") -> 0
...

Sheet CONCATENATED
D7: CLASS-> | E7: BSC9(H) | F7: BSC9(L) | G7: BSC9E(H) | H7: BSC 9E{L} | I7: BSC8(H) | J7: BSC8(L) | K7: BSC8E(H) | L7: BSC7(H) | M7: BSC7(L) | N7: BSC7E(H) | O7: BSC6A | P7: BSC5A | Q7: BSC3 | R7: BSC1 | S7: BTEC1 | U7: DTIE6 | V7: DICE6 | W7: DICE6(BT) | X7: DICE5(BT) | Y7: DEPE5 | Z7: DEPE4 | AA7: DICE4 | AB7: DEEE2 | AC7: DEEE1 | AD7: CEPE2 | AE7: CEPE1
C8: DAY | E8: BE(S)EE/JAN2012/J+S-FT/BSEE/MAY2012/S-FT | F8: BE(S)EE/JAN2012/J+S-FT/BSEE/MAY2012/S-FT | G8: BSEE/MAY2013/S-EV(L) | H8: BSEE/MAY2013/S-EV(L) | I8: S(E)EE/SEP2012/J+S-FT/BSEE/MAY2013/S-FT | J8: S(E)EE/SEP2012/J+S-FT/BSEE/MAY2013/S-FT | K8: BSEE/MAY2014/S-PT | L8: BSEE/SEP2013/J+S-FT | M8: BSEE/SEP2013/J+S-FT | N8: BSEE/SEP2014/S-PT | O8: BSEE/MAY2014/S-FT | P8: BSEE/SEP2014/J+S-FT | Q8: BSEE/SEP2015/J+S-FT | R8: BSEE/SEP2016/J+S-FT | S8: BTEC/SEP2016/J+S-FT | U8: DTEE/SEP2014/S-FT(DTIE) | V8: DTEE/SEP2014/S-FT(DICE) | W8: DTEE/SEP2014/S-BT(2) | X8: DTEE/SEP2014/S-BT1 | Y8: DTEE/JAN2015/S-FT | Z8: DTEE/SEP2015/S-FT(DEPE) | AA8: DTEE/SEP2015/S-FT(DICE) | AB8: DTEE/MAY2016/S-FT | AC8: DTEE/SEP2016/J+S-FT | AD8: CEEE/MAY2016/S-FT | AE8: CEEE/SEP2016/S-FT | AF8: DAY
D9: TIME- | E9: 45 | F9: 37 | G9: 45 | H9: 20 | I9: 50 | J9: 50 | K9: 15 | L9: 82 | M9: 47 | N9: 15 | O9: 78 | P9: 47 | Q9: 73 | R9: 50 | S9: 40 | U9: 3 | V9: 4 | W9: 10 | X9: 10 | Y9: 15 | Z9: 8 | AA9: 8 | AB9: 10 | AC9: 40 | AD9: 8 | AE9: 10
E12: =CONCATENATE(TIMETABLE!#REF!," ","[",TIMETABLE!#REF!," ","Students","]"," ",TIMETABLE!#REF!,":"," ",TIMETABLE!#REF!," ",TIMETABLE!#REF!) -> #REF! | F12: =CONCATENATE(TIMETABLE!#REF!," ","[",TIMETABLE!#REF!," ","Students","]"," ",TIMETABLE!#REF!,":"," ",TIMETABLE!#REF!," ",TIMETABLE!#REF!) -> #REF! | G12: =CONCATENATE(TIMETABLE!#REF!," ","[",TIMETABLE!#REF!," ","Students","]"," ",TIMETABLE!#REF!,":"," ",TIMETABLE!#REF!," ",TIMETABLE!#REF!) -> #REF! | H12: =CONCATENATE(TIMETABLE!#REF!," ","[",TIMETABLE!#REF!," ","Students","]"," ",TIMETABLE!#REF!,":"," ",TIMETABLE!#REF!," ",TIMETABLE!#REF!) -> #REF! | I12: =CONCATENATE(TIMETABLE!#REF!," ","[",TIMETABLE!#REF!," ","Students","]"," ",TIMETABLE!#REF!,":"," ",TIMETABLE!#REF!," ",TIMETABLE!#REF!) -> #REF! | J12: =CONCATENATE(TIMETABLE!#REF!," ","[",TIMETABLE!#REF!," ","Students","]"," ",TIMETABLE!#REF!,":"," ",TIMETABLE!#REF!," ",TIMETABLE!#REF!) -> #REF! | K12: =CONCATENATE(TIMETABLE!#REF!," ","[",TIMETABLE!#REF!," ","Students","]"," ",TIMETABLE!#REF!,":"," ",TIMETABLE!#REF!," ",TIMETABLE!#REF!) -> #REF! | L12: =CONCATENATE(TIMETABLE!D$6," ","[",TIMETABLE!D$7," ","Students","]"," ",TIMETABLE!D8,":"," ",TIMETABLE!D11," ",TIMETABLE!D10) -> BSME/SEP2020/J-FT [Y2S1 (50) Students] : | M12: =CONCATENATE(TIMETABLE!E$6," ","[",TIMETABLE!E$7," ","Students","]"," ",TIMETABLE!E8,":"," ",TIMETABLE!E11," ",TIMETABLE!E10) -> BSME/AUG2021/J-FT [Y1S2 (55) Students] APS 4102: DR. OMBOGA/LABAN PHY LAB | N12: =CONCATENATE(TIMETABLE!#REF!," ","[",TIMETABLE!#REF!," ","Students","]"," ",TIMETABLE!#REF!,":"," ",TIMETABLE!#REF!," ",TIMETABLE!#REF!) -> #REF! | O12: =CONCATENATE(TIMETABLE!#REF!," ","[",TIMETABLE!#REF!," ","Students","]"," ",TIMETABLE!#REF!,":"," ",TIMETABLE!#REF!," ",TIMETABLE!#REF!) -> #REF! | P12: =CONCATENATE(TIMETABLE!F$6," ","[",TIMETABLE!F$7," ","Students","]"," ",TIMETABLE!F8,":"," ",TIMETABLE!F11," ",TIMETABLE!F10) -> BTME/SEP2019/S-PT [Y3S1 (10) Students] : | Q12: =CONCATENATE(TIMETABLE!G$6," ","[",TIMETABLE!G$7," ","Students","]"," ",TIMETABLE!G8,":"," ",TIMETABLE!G11," ",TIMETABLE!G10) -> BTME/AUG2021/S-PT [Y2S2 (10) Students] : | R12: =CONCATENATE(TIMETABLE!#REF!," ","[",TIMETABLE!#REF!," ","Students","]"," ",TIMETABLE!#REF!,":"," ",TIMETABLE!#REF!," ",TIMETABLE!#REF!) -> #REF! | S12: =CONCATENATE(TIMETABLE!#REF!," ","[",TIMETABLE!#REF!," ","Students","]"," ",TIMETABLE!#REF!,":"," ",TIMETABLE!#REF!," ",TIMETABLE!#REF!) -> #REF! | T12: =CONCATENATE(TIMETABLE!J$6," ","[",TIMETABLE!J$7," ","Students","]"," ",TIMETABLE!J8,":"," ",TIMETABLE!J11," ",TIMETABLE!J10) -> BTME/AUG2021/J&S-FT [Y1S1 (52) Students] : | U12: =CONCATENATE(TIMETABLE!#REF!," ","[",TIMETABLE!#REF!," ","Students","]"," ",TIMETABLE!#REF!,":"," ",TIMETABLE!#REF!," ",TIMETABLE!#REF!) -> #REF! | V12: =CONCATENATE(TIMETABLE!#REF!," ","[",TIMETABLE!#REF!," ","Students","]"," ",TIMETABLE!#REF!,":"," ",TIMETABLE!#REF!," ",TIMETABLE!#REF!) -> #REF! | W12: =CONCATENATE(TIMETABLE!#REF!," ","[",TIMETABLE!#REF!," ","Students","]"," ",TIMETABLE!#REF!,":"," ",TIMETABLE!#REF!," ",TIMETABLE!#REF!) -> #REF! | X12: =CONCATENATE(TIMETABLE!#REF!," ","[",TIMETABLE!#REF!," ","Students","]"," ",TIMETABLE!#REF!,":"," ",TIMETABLE!#REF!," ",TIMETABLE!#REF!) -> #REF! | Y12: =CONCATENATE(TIMETABLE!#REF!," ","[",TIMETABLE!#REF!," ","Students","]"," ",TIMETABLE!#REF!,":"," ",TIMETABLE!#REF!," ",TIMETABLE!#REF!) -> #REF! | Z12: =CONCATENATE(TIMETABLE!#REF!," ","[",TIMETABLE!#REF!," ","Students","]"," ",TIMETABLE!#REF!,":"," ",TIMETABLE!#REF!," ",TIMETABLE!#REF!) -> #REF! | AA12: =CONCATENATE(TIMETABLE!#REF!," ","[",TIMETABLE!#REF!," ","Students","]"," ",TIMETABLE!#REF!,":"," ",TIMETABLE!#REF!," ",TIMETABLE!#REF!) -> #REF! | AB12: =CONCATENATE(TIMETABLE!#REF!," ","[",TIMETABLE!#REF!," ","Students","]"," ",TIMETABLE!#REF!,":"," ",TIMETABLE!#REF!," ",TIMETABLE!#REF!) -> #REF! | AC12: =CONCATENATE(TIMETABLE!W$6," ","[",TIMETABLE!W$7," ","Students","]"," ",TIMETABLE!W8,":"," ",TIMETABLE!W11," ",TIMETABLE!W10) -> DMAE/SEP20201J&S-FT [Y1S2 (60) Students] : | AD12: =CONCATENATE(TIMETABLE!#REF!," ","[",TIMETABLE!#REF!," ","Students","]"," ",TIMETABLE!#REF!,":"," ",TIMETABLE!#REF!," ",TIMETABLE!#REF!) -> #REF! | AE12: =CONCATENATE(TIMETABLE!#REF!," ","[",TIMETABLE!#REF!," ","Students","]"," ",TIMETABLE!#REF!,":"," ",TIMETABLE!#REF!," ",TIMETABLE!#REF!) -> #REF!
E15: =CONCATENATE(TIMETABLE!#REF!," ","[",TIMETABLE!#REF!," ","Students","]"," ",TIMETABLE!#REF!,":"," ",TIMETABLE!#REF!," ",TIMETABLE!#REF!) -> #REF! | F15: =CONCATENATE(TIMETABLE!#REF!," ","[",TIMETABLE!#REF!," ","Students","]"," ",TIMETABLE!#REF!,":"," ",TIMETABLE!#REF!," ",TIMETABLE!#REF!) -> #REF! | G15: =CONCATENATE(TIMETABLE!#REF!," ","[",TIMETABLE!#REF!," ","Students","]"," ",TIMETABLE!#REF!,":"," ",TIMETABLE!#REF!," ",TIMETABLE!#REF!) -> #REF! | H15: =CONCATENATE(TIMETABLE!#REF!," ","[",TIMETABLE!#REF!," ","Students","]"," ",TIMETABLE!#REF!,":"," ",TIMETABLE!#REF!," ",TIMETABLE!#REF!) -> #REF! | I15: =CONCATENATE(TIMETABLE!#REF!," ","[",TIMETABLE!#REF!," ","Students","]"," ",TIMETABLE!#REF!,":"," ",TIMETABLE!#REF!," ",TIMETABLE!#REF!) -> #REF! | J15: =CONCATENATE(TIMETABLE!#REF!," ","[",TIMETABLE!#REF!," ","Students","]"," ",TIMETABLE!#REF!,":"," ",TIMETABLE!#REF!," ",TIMETABLE!#REF!) -> #REF! | K15: =CONCATENATE(TIMETABLE!#REF!," ","[",TIMETABLE!#REF!," ","Students","]"," ",TIMETABLE!#REF!,":"," ",TIMETABLE!#REF!," ",TIMETABLE!#REF!) -> #REF! | L15: =CONCATENATE(TIMETABLE!D$6," ","[",TIMETABLE!D$7," ","Students","]"," ",TIMETABLE!#REF!,":"," ",TIMETABLE!#REF!," ",TIMETABLE!#REF!) -> #REF! | M15: =CONCATENATE(TIMETABLE!E$6," ","[",TIMETABLE!E$7," ","Students","]"," ",TIMETABLE!#REF!,":"," ",TIMETABLE!#REF!," ",TIMETABLE!#REF!) -> #REF! | N15: =CONCATENATE(TIMETABLE!#REF!," ","[",TIMETABLE!#REF!," ","Students","]"," ",TIMETABLE!#REF!,":"," ",TIMETABLE!#REF!," ",TIMETABLE!#REF!) -> #REF! | O15: =CONCATENATE(TIMETABLE!#REF!," ","[",TIMETABLE!#REF!," ","Students","]"," ",TIMETABLE!#REF!,":"," ",TIMETABLE!#REF!," ",TIMETABLE!#REF!) -> #REF! | P15: =CONCATENATE(TIMETABLE!F$6," ","[",TIMETABLE!F$7," ","Students","]"," ",TIMETABLE!#REF!,":"," ",TIMETABLE!#REF!," ",TIMETABLE!#REF!) -> #REF! | Q15: =CONCATENATE(TIMETABLE!G$6," ","[",TIMETABLE!G$7," ","Students","]"," ",TIMETABLE!#REF!,":"," ",TIMETABLE!#REF!," ",TIMETABLE!#REF!) -> #REF! | R15: =CONCATENATE(TIMETABLE!#REF!," ","[",TIMETABLE!#REF!," ","Students","]"," ",TIMETABLE!#REF!,":"," ",TIMETABLE!#REF!," ",TIMETABLE!#REF!) -> #REF! | S15: =CONCATENATE(TIMETABLE!#REF!," ","[",TIMETABLE!#REF!," ","Students","]"," ",TIMETABLE!#REF!,":"," ",TIMETABLE!#REF!," ",TIMETABLE!#REF!) -> #REF! | T15: =CONCATENATE(TIMETABLE!J$6," ","[",TIMETABLE!J$7," ","Students","]"," ",TIMETABLE!#REF!,":"," ",TIMETABLE!#REF!," ",TIMETABLE!#REF!) -> #REF! | U15: =CONCATENATE(TIMETABLE!#REF!," ","[",TIMETABLE!#REF!," ","Students","]"," ",TIMETABLE!#REF!,":"," ",TIMETABLE!#REF!," ",TIMETABLE!#REF!) -> #REF! | V15: =CONCATENATE(TIMETABLE!#REF!," ","[",TIMETABLE!#REF!," ","Students","]"," ",TIMETABLE!#REF!,":"," ",TIMETABLE!#REF!," ",TIMETABLE!#REF!) -> #REF! | W15: =CONCATENATE(TIMETABLE!#REF!," ","[",TIMETABLE!#REF!," ","Students","]"," ",TIMETABLE!#REF!,":"," ",TIMETABLE!#REF!," ",TIMETABLE!#REF!) -> #REF! | X15: =CONCATENATE(TIMETABLE!#REF!," ","[",TIMETABLE!#REF!," ","Students","]"," ",TIMETABLE!#REF!,":"," ",TIMETABLE!#REF!," ",TIMETABLE!#REF!) -> #REF! | Y15: =CONCATENATE(TIMETABLE!#REF!," ","[",TIMETABLE!#REF!," ","Students","]"," ",TIMETABLE!#REF!,":"," ",TIMETABLE!#REF!," ",TIMETABLE!#REF!) -> #REF! | Z15: =CONCATENATE(TIMETABLE!#REF!," ","[",TIMETABLE!#REF!," ","Students","]"," ",TIMETABLE!#REF!,":"," ",TIMETABLE!#REF!," ",TIMETABLE!#REF!) -> #REF! | AA15: =CONCATENATE(TIMETABLE!#REF!," ","[",TIMETABLE!#REF!," ","Students","]"," ",TIMETABLE!#REF!,":"," ",TIMETABLE!#REF!," ",TIMETABLE!#REF!) -> #REF! | AB15: =CONCATENATE(TIMETABLE!#REF!," ","[",TIMETABLE!#REF!," ","Students","]"," ",TIMETABLE!#REF!,":"," ",TIMETABLE!#REF!," ",TIMETABLE!#REF!) -> #REF! | AC15: =CONCATENATE(TIMETABLE!W$6," ","[",TIMETABLE!W$7," ","Students","]"," ",TIMETABLE!#REF!,":"," ",TIMETABLE!#REF!," ",TIMETABLE!#REF!) -> #REF! | AD15: =CONCATENATE(TIMETABLE!#REF!," ","[",TIMETABLE!#REF!," ","Students","]"," ",TIMETABLE!#REF!,":"," ",TIMETABLE!#REF!," ",TIMETABLE!#REF!) -> #REF! | AE15: =CONCATENATE(TIMETABLE!#REF!," ","[",TIMETABLE!#REF!," ","Students","]"," ",TIMETABLE!#REF!,":"," ",TIMETABLE!#REF!," ",TIMETABLE!#REF!) -> #REF!
E18: =CONCATENATE(TIMETABLE!#REF!," ","[",TIMETABLE!#REF!," ","Students","]"," ",TIMETABLE!#REF!,":"," ",TIMETABLE!#REF!," ",TIMETABLE!#REF!) -> #REF! | F18: =CONCATENATE(TIMETABLE!#REF!," ","[",TIMETABLE!#REF!," ","Students","]"," ",TIMETABLE!#REF!,":"," ",TIMETABLE!#REF!," ",TIMETABLE!#REF!) -> #REF! | G18: =CONCATENATE(TIMETABLE!#REF!," ","[",TIMETABLE!#REF!," ","Students","]"," ",TIMETABLE!#REF!,":"," ",TIMETABLE!#REF!," ",TIMETABLE!#REF!) -> #REF! | H18: =CONCATENATE(TIMETABLE!#REF!," ","[",TIMETABLE!#REF!," ","Students","]"," ",TIMETABLE!#REF!,":"," ",TIMETABLE!#REF!," ",TIMETABLE!#REF!) -> #REF! | I18: =CONCATENATE(TIMETABLE!#REF!," ","[",TIMETABLE!#REF!," ","Students","]"," ",TIMETABLE!#REF!,":"," ",TIMETABLE!#REF!," ",TIMETABLE!#REF!) -> #REF! | J18: =CONCATENATE(TIMETABLE!#REF!," ","[",TIMETABLE!#REF!," ","Students","]"," ",TIMETABLE!#REF!,":"," ",TIMETABLE!#REF!," ",TIMETABLE!#REF!) -> #REF! | K18: =CONCATENATE(TIMETABLE!#REF!," ","[",TIMETABLE!#REF!," ","Students","]"," ",TIMETABLE!#REF!,":"," ",TIMETABLE!#REF!," ",TIMETABLE!#REF!) -> #REF! | L18: =CONCATENATE(TIMETABLE!D$6," ","[",TIMETABLE!D$7," ","Students","]"," ",TIMETABLE!#REF!,":"," ",TIMETABLE!#REF!," ",TIMETABLE!#REF!) -> #REF! | M18: =CONCATENATE(TIMETABLE!E$6," ","[",TIMETABLE!E$7," ","Students","]"," ",TIMETABLE!#REF!,":"," ",TIMETABLE!#REF!," ",TIMETABLE!#REF!) -> #REF! | N18: =CONCATENATE(TIMETABLE!#REF!," ","[",TIMETABLE!#REF!," ","Students","]"," ",TIMETABLE!#REF!,":"," ",TIMETABLE!#REF!," ",TIMETABLE!#REF!) -> #REF! | O18: =CONCATENATE(TIMETABLE!#REF!," ","[",TIMETABLE!#REF!," ","Students","]"," ",TIMETABLE!#REF!,":"," ",TIMETABLE!#REF!," ",TIMETABLE!#REF!) -> #REF! | P18: =CONCATENATE(TIMETABLE!F$6," ","[",TIMETABLE!F$7," ","Students","]"," ",TIMETABLE!#REF!,":"," ",TIMETABLE!#REF!," ",TIMETABLE!#REF!) -> #REF! | Q18: =CONCATENATE(TIMETABLE!G$6," ","[",TIMETABLE!G$7," ","Students","]"," ",TIMETABLE!#REF!,":"," ",TIMETABLE!#REF!," ",TIMETABLE!#REF!) -> #REF! | R18: =CONCATENATE(TIMETABLE!#REF!," ","[",TIMETABLE!#REF!," ","Students","]"," ",TIMETABLE!#REF!,":"," ",TIMETABLE!#REF!," ",TIMETABLE!#REF!) -> #REF! | S18: =CONCATENATE(TIMETABLE!#REF!," ","[",TIMETABLE!#REF!," ","Students","]"," ",TIMETABLE!#REF!,":"," ",TIMETABLE!#REF!," ",TIMETABLE!#REF!) -> #REF! | T18: =CONCATENATE(TIMETABLE!J$6," ","[",TIMETABLE!J$7," ","Students","]"," ",TIMETABLE!#REF!,":"," ",TIMETABLE!#REF!," ",TIMETABLE!#REF!) -> #REF! | U18: =CONCATENATE(TIMETABLE!#REF!," ","[",TIMETABLE!#REF!," ","Students","]"," ",TIMETABLE!#REF!,":"," ",TIMETABLE!#REF!," ",TIMETABLE!#REF!) -> #REF! | V18: =CONCATENATE(TIMETABLE!#REF!," ","[",TIMETABLE!#REF!," ","Students","]"," ",TIMETABLE!#REF!,":"," ",TIMETABLE!#REF!," ",TIMETABLE!#REF!) -> #REF! | W18: =CONCATENATE(TIMETABLE!#REF!," ","[",TIMETABLE!#REF!," ","Students","]"," ",TIMETABLE!#REF!,":"," ",TIMETABLE!#REF!," ",TIMETABLE!#REF!) -> #REF! | X18: =CONCATENATE(TIMETABLE!#REF!," ","[",TIMETABLE!#REF!," ","Students","]"," ",TIMETABLE!#REF!,":"," ",TIMETABLE!#REF!," ",TIMETABLE!#REF!) -> #REF! | Y18: =CONCATENATE(TIMETABLE!#REF!," ","[",TIMETABLE!#REF!," ","Students","]"," ",TIMETABLE!#REF!,":"," ",TIMETABLE!#REF!," ",TIMETABLE!#REF!) -> #REF! | Z18: =CONCATENATE(TIMETABLE!#REF!," ","[",TIMETABLE!#REF!," ","Students","]"," ",TIMETABLE!#REF!,":"," ",TIMETABLE!#REF!," ",TIMETABLE!#REF!) -> #REF! | AA18: =CONCATENATE(TIMETABLE!#REF!," ","[",TIMETABLE!#REF!," ","Students","]"," ",TIMETABLE!#REF!,":"," ",TIMETABLE!#REF!," ",TIMETABLE!#REF!) -> #REF! | AB18: =CONCATENATE(TIMETABLE!#REF!," ","[",TIMETABLE!#REF!," ","Students","]"," ",TIMETABLE!#REF!,":"," ",TIMETABLE!#REF!," ",TIMETABLE!#REF!) -> #REF! | AC18: =CONCATENATE(TIMETABLE!W$6," ","[",TIMETABLE!W$7," ","Students","]"," ",TIMETABLE!#REF!,":"," ",TIMETABLE!#REF!," ",TIMETABLE!#REF!) -> #REF! | AD18: =CONCATENATE(TIMETABLE!#REF!," ","[",TIMETABLE!#REF!," ","Students","]"," ",TIMETABLE!#REF!,":"," ",TIMETABLE!#REF!," ",TIMETABLE!#REF!) -> #REF! | AE18: =CONCATENATE(TIMETABLE!#REF!," ","[",TIMETABLE!#REF!," ","Students","]"," ",TIMETABLE!#REF!,":"," ",TIMETABLE!#REF!," ",TIMETABLE!#REF!) -> #REF!
E21: =CONCATENATE(TIMETABLE!#REF!," ","[",TIMETABLE!#REF!," ","Students","]"," ",TIMETABLE!#REF!,":"," ",TIMETABLE!#REF!," ",TIMETABLE!#REF!) -> #REF! | F21: =CONCATENATE(TIMETABLE!#REF!," ","[",TIMETABLE!#REF!," ","Students","]"," ",TIMETABLE!#REF!,":"," ",TIMETABLE!#REF!," ",TIMETABLE!#REF!) -> #REF! | G21: =CONCATENATE(TIMETABLE!#REF!," ","[",TIMETABLE!#REF!," ","Students","]"," ",TIMETABLE!#REF!,":"," ",TIMETABLE!#REF!," ",TIMETABLE!#REF!) -> #REF! | H21: =CONCATENATE(TIMETABLE!#REF!," ","[",TIMETABLE!#REF!," ","Students","]"," ",TIMETABLE!#REF!,":"," ",TIMETABLE!#REF!," ",TIMETABLE!#REF!) -> #REF! | I21: =CONCATENATE(TIMETABLE!#REF!," ","[",TIMETABLE!#REF!," ","Students","]"," ",TIMETABLE!#REF!,":"," ",TIMETABLE!#REF!," ",TIMETABLE!#REF!) -> #REF! | J21: =CONCATENATE(TIMETABLE!#REF!," ","[",TIMETABLE!#REF!," ","Students","]"," ",TIMETABLE!#REF!,":"," ",TIMETABLE!#REF!," ",TIMETABLE!#REF!) -> #REF! | K21: =CONCATENATE(TIMETABLE!#REF!," ","[",TIMETABLE!#REF!," ","Students","]"," ",TIMETABLE!#REF!,":"," ",TIMETABLE!#REF!," ",TIMETABLE!#REF!) -> #REF! | L21: =CONCATENATE(TIMETABLE!D$6," ","[",TIMETABLE!D$7," ","Students","]"," ",TIMETABLE!D12,":"," ",TIMETABLE!D15," ",TIMETABLE!D14) -> BSME/SEP2020/J-FT [Y2S1 (50) Students] : | M21: =CONCATENATE(TIMETABLE!E$6," ","[",TIMETABLE!E$7," ","Students","]"," ",TIMETABLE!E12,":"," ",TIMETABLE!E15," ",TIMETABLE!E14) -> BSME/AUG2021/J-FT [Y1S2 (55) Students] AMA 4103: MWAMUNGA FET108 | N21: =CONCATENATE(TIMETABLE!#REF!," ","[",TIMETABLE!#REF!," ","Students","]"," ",TIMETABLE!#REF!,":"," ",TIMETABLE!#REF!," ",TIMETABLE!#REF!) -> #REF! | O21: =CONCATENATE(TIMETABLE!#REF!," ","[",TIMETABLE!#REF!," ","Students","]"," ",TIMETABLE!#REF!,":"," ",TIMETABLE!#REF!," ",TIMETABLE!#REF!) -> #REF! | P21: =CONCATENATE(TIMETABLE!F$6," ","[",TIMETABLE!F$7," ","Students","]"," ",TIMETABLE!F12,":"," ",TIMETABLE!F15," ",TIMETABLE!F14) -> BTME/SEP2019/S-PT [Y3S1 (10) Students] : | Q21: =CONCATENATE(TIMETABLE!G$6," ","[",TIMETABLE!G$7," ","Students","]"," ",TIMETABLE!G12,":"," ",TIMETABLE!G15," ",TIMETABLE!G14) -> BTME/AUG2021/S-PT [Y2S2 (10) Students] : | R21: =CONCATENATE(TIMETABLE!#REF!," ","[",TIMETABLE!#REF!," ","Students","]"," ",TIMETABLE!#REF!,":"," ",TIMETABLE!#REF!," ",TIMETABLE!#REF!) -> #REF! | S21: =CONCATENATE(TIMETABLE!#REF!," ","[",TIMETABLE!#REF!," ","Students","]"," ",TIMETABLE!#REF!,":"," ",TIMETABLE!#REF!," ",TIMETABLE!#REF!) -> #REF! | T21: =CONCATENATE(TIMETABLE!J$6," ","[",TIMETABLE!J$7," ","Students","]"," ",TIMETABLE!J12,":"," ",TIMETABLE!J15," ",TIMETABLE!J14) -> BTME/AUG2021/J&S-FT [Y1S1 (52) Students] : | U21: =CONCATENATE(TIMETABLE!#REF!," ","[",TIMETABLE!#REF!," ","Students","]"," ",TIMETABLE!#REF!,":"," ",TIMETABLE!#REF!," ",TIMETABLE!#REF!) -> #REF! | V21: =CONCATENATE(TIMETABLE!#REF!," ","[",TIMETABLE!#REF!," ","Students","]"," ",TIMETABLE!#REF!,":"," ",TIMETABLE!#REF!," ",TIMETABLE!#REF!) -> #REF! | W21: =CONCATENATE(TIMETABLE!#REF!," ","[",TIMETABLE!#REF!," ","Students","]"," ",TIMETABLE!#REF!,":"," ",TIMETABLE!#REF!," ",TIMETABLE!#REF!) -> #REF! | X21: =CONCATENATE(TIMETABLE!#REF!," ","[",TIMETABLE!#REF!," ","Students","]"," ",TIMETABLE!#REF!,":"," ",TIMETABLE!#REF!," ",TIMETABLE!#REF!) -> #REF! | Y21: =CONCATENATE(TIMETABLE!#REF!," ","[",TIMETABLE!#REF!," ","Students","]"," ",TIMETABLE!#REF!,":"," ",TIMETABLE!#REF!," ",TIMETABLE!#REF!) -> #REF! | Z21: =CONCATENATE(TIMETABLE!#REF!," ","[",TIMETABLE!#REF!," ","Students","]"," ",TIMETABLE!#REF!,":"," ",TIMETABLE!#REF!," ",TIMETABLE!#REF!) -> #REF! | AA21: =CONCATENATE(TIMETABLE!#REF!," ","[",TIMETABLE!#REF!," ","Students","]"," ",TIMETABLE!#REF!,":"," ",TIMETABLE!#REF!," ",TIMETABLE!#REF!) -> #REF! | AB21: =CONCATENATE(TIMETABLE!#REF!," ","[",TIMETABLE!#REF!," ","Students","]"," ",TIMETABLE!#REF!,":"," ",TIMETABLE!#REF!," ",TIMETABLE!#REF!) -> #REF! | AC21: =CONCATENATE(TIMETABLE!W$6," ","[",TIMETABLE!W$7," ","Students","]"," ",TIMETABLE!W12,":"," ",TIMETABLE!W15," ",TIMETABLE!W14) -> DMAE/SEP20201J&S-FT [Y1S2 (60) Students] EMR 2115: MUCHIRU SC/LAB | AD21: =CONCATENATE(TIMETABLE!#REF!," ","[",TIMETABLE!#REF!," ","Students","]"," ",TIMETABLE!#REF!,":"," ",TIMETABLE!#REF!," ",TIMETABLE!#REF!) -> #REF! | AE21: =CONCATENATE(TIMETABLE!#REF!," ","[",TIMETABLE!#REF!," ","Students","]"," ",TIMETABLE!#REF!,":"," ",TIMETABLE!#REF!," ",TIMETABLE!#REF!) -> #REF!
E24: =CONCATENATE(TIMETABLE!#REF!," ","[",TIMETABLE!#REF!," ","Students","]"," ",TIMETABLE!#REF!,":"," ",TIMETABLE!#REF!," ",TIMETABLE!#REF!) -> #REF! | F24: =CONCATENATE(TIMETABLE!#REF!," ","[",TIMETABLE!#REF!," ","Students","]"," ",TIMETABLE!#REF!,":"," ",TIMETABLE!#REF!," ",TIMETABLE!#REF!) -> #REF! | G24: =CONCATENATE(TIMETABLE!#REF!," ","[",TIMETABLE!#REF!," ","Students","]"," ",TIMETABLE!#REF!,":"," ",TIMETABLE!#REF!," ",TIMETABLE!#REF!) -> #REF! | H24: =CONCATENATE(TIMETABLE!#REF!," ","[",TIMETABLE!#REF!," ","Students","]"," ",TIMETABLE!#REF!,":"," ",TIMETABLE!#REF!," ",TIMETABLE!#REF!) -> #REF! | I24: =CONCATENATE(TIMETABLE!#REF!," ","[",TIMETABLE!#REF!," ","Students","]"," ",TIMETABLE!#REF!,":"," ",TIMETABLE!#REF!," ",TIMETABLE!#REF!) -> #REF! | J24: =CONCATENATE(TIMETABLE!#REF!," ","[",TIMETABLE!#REF!," ","Students","]"," ",TIMETABLE!#REF!,":"," ",TIMETABLE!#REF!," ",TIMETABLE!#REF!) -> #REF! | K24: =CONCATENATE(TIMETABLE!#REF!," ","[",TIMETABLE!#REF!," ","Students","]"," ",TIMETABLE!#REF!,":"," ",TIMETABLE!#REF!," ",TIMETABLE!#REF!) -> #REF! | L24: =CONCATENATE(TIMETABLE!D$6," ","[",TIMETABLE!D$7," ","Students","]"," ",TIMETABLE!#REF!,":"," ",TIMETABLE!#REF!," ",TIMETABLE!#REF!) -> #REF! | M24: =CONCATENATE(TIMETABLE!E$6," ","[",TIMETABLE!E$7," ","Students","]"," ",TIMETABLE!#REF!,":"," ",TIMETABLE!#REF!," ",TIMETABLE!#REF!) -> #REF! | N24: =CONCATENATE(TIMETABLE!#REF!," ","[",TIMETABLE!#REF!," ","Students","]"," ",TIMETABLE!#REF!,":"," ",TIMETABLE!#REF!," ",TIMETABLE!#REF!) -> #REF! | O24: =CONCATENATE(TIMETABLE!#REF!," ","[",TIMETABLE!#REF!," ","Students","]"," ",TIMETABLE!#REF!,":"," ",TIMETABLE!#REF!," ",TIMETABLE!#REF!) -> #REF! | P24: =CONCATENATE(TIMETABLE!F$6," ","[",TIMETABLE!F$7," ","Students","]"," ",TIMETABLE!#REF!,":"," ",TIMETABLE!#REF!," ",TIMETABLE!#REF!) -> #REF! | Q24: =CONCATENATE(TIMETABLE!G$6," ","[",TIMETABLE!G$7," ","Students","]"," ",TIMETABLE!#REF!,":"," ",TIMETABLE!#REF!," ",TIMETABLE!#REF!) -> #REF! | R24: =CONCATENATE(TIMETABLE!#REF!," ","[",TIMETABLE!#REF!," ","Students","]"," ",TIMETABLE!#REF!,":"," ",TIMETABLE!#REF!," ",TIMETABLE!#REF!) -> #REF! | S24: =CONCATENATE(TIMETABLE!#REF!," ","[",TIMETABLE!#REF!," ","Students","]"," ",TIMETABLE!#REF!,":"," ",TIMETABLE!#REF!," ",TIMETABLE!#REF!) -> #REF! | T24: =CONCATENATE(TIMETABLE!J$6," ","[",TIMETABLE!J$7," ","Students","]"," ",TIMETABLE!#REF!,":"," ",TIMETABLE!#REF!," ",TIMETABLE!#REF!) -> #REF! | U24: =CONCATENATE(TIMETABLE!#REF!," ","[",TIMETABLE!#REF!," ","Students","]"," ",TIMETABLE!#REF!,":"," ",TIMETABLE!#REF!," ",TIMETABLE!#REF!) -> #REF! | V24: =CONCATENATE(TIMETABLE!#REF!," ","[",TIMETABLE!#REF!," ","Students","]"," ",TIMETABLE!#REF!,":"," ",TIMETABLE!#REF!," ",TIMETABLE!#REF!) -> #REF! | W24: =CONCATENATE(TIMETABLE!#REF!," ","[",TIMETABLE!#REF!," ","Students","]"," ",TIMETABLE!#REF!,":"," ",TIMETABLE!#REF!," ",TIMETABLE!#REF!) -> #REF! | X24: =CONCATENATE(TIMETABLE!#REF!," ","[",TIMETABLE!#REF!," ","Students","]"," ",TIMETABLE!#REF!,":"," ",TIMETABLE!#REF!," ",TIMETABLE!#REF!) -> #REF! | Y24: =CONCATENATE(TIMETABLE!#REF!," ","[",TIMETABLE!#REF!," ","Students","]"," ",TIMETABLE!#REF!,":"," ",TIMETABLE!#REF!," ",TIMETABLE!#REF!) -> #REF! | Z24: =CONCATENATE(TIMETABLE!#REF!," ","[",TIMETABLE!#REF!," ","Students","]"," ",TIMETABLE!#REF!,":"," ",TIMETABLE!#REF!," ",TIMETABLE!#REF!) -> #REF! | AA24: =CONCATENATE(TIMETABLE!#REF!," ","[",TIMETABLE!#REF!," ","Students","]"," ",TIMETABLE!#REF!,":"," ",TIMETABLE!#REF!," ",TIMETABLE!#REF!) -> #REF! | AB24: =CONCATENATE(TIMETABLE!#REF!," ","[",TIMETABLE!#REF!," ","Students","]"," ",TIMETABLE!#REF!,":"," ",TIMETABLE!#REF!," ",TIMETABLE!#REF!) -> #REF! | AC24: =CONCATENATE(TIMETABLE!W$6," ","[",TIMETABLE!W$7," ","Students","]"," ",TIMETABLE!#REF!,":"," ",TIMETABLE!#REF!," ",TIMETABLE!#REF!) -> #REF! | AD24: =CONCATENATE(TIMETABLE!#REF!," ","[",TIMETABLE!#REF!," ","Students","]"," ",TIMETABLE!#REF!,":"," ",TIMETABLE!#REF!," ",TIMETABLE!#REF!) -> #REF! | AE24: =CONCATENATE(TIMETABLE!#REF!," ","[",TIMETABLE!#REF!," ","Students","]"," ",TIMETABLE!#REF!,":"," ",TIMETABLE!#REF!," ",TIMETABLE!#REF!) -> #REF!
E27: =CONCATENATE(TIMETABLE!#REF!," ","[",TIMETABLE!#REF!," ","Students","]"," ",TIMETABLE!#REF!,":"," ",TIMETABLE!#REF!," ",TIMETABLE!#REF!) -> #REF! | F27: =CONCATENATE(TIMETABLE!#REF!," ","[",TIMETABLE!#REF!," ","Students","]"," ",TIMETABLE!#REF!,":"," ",TIMETABLE!#REF!," ",TIMETABLE!#REF!) -> #REF! | G27: =CONCATENATE(TIMETABLE!#REF!," ","[",TIMETABLE!#REF!," ","Students","]"," ",TIMETABLE!#REF!,":"," ",TIMETABLE!#REF!," ",TIMETABLE!#REF!) -> #REF! | H27: =CONCATENATE(TIMETABLE!#REF!," ","[",TIMETABLE!#REF!," ","Students","]"," ",TIMETABLE!#REF!,":"," ",TIMETABLE!#REF!," ",TIMETABLE!#REF!) -> #REF! | I27: =CONCATENATE(TIMETABLE!#REF!," ","[",TIMETABLE!#REF!," ","Students","]"," ",TIMETABLE!#REF!,":"," ",TIMETABLE!#REF!," ",TIMETABLE!#REF!) -> #REF! | J27: =CONCATENATE(TIMETABLE!#REF!," ","[",TIMETABLE!#REF!," ","Students","]"," ",TIMETABLE!#REF!,":"," ",TIMETABLE!#REF!," ",TIMETABLE!#REF!) -> #REF! | K27: =CONCATENATE(TIMETABLE!#REF!," ","[",TIMETABLE!#REF!," ","Students","]"," ",TIMETABLE!#REF!,":"," ",TIMETABLE!#REF!," ",TIMETABLE!#REF!) -> #REF! | L27: =CONCATENATE(TIMETABLE!D$6," ","[",TIMETABLE!D$7," ","Students","]"," ",TIMETABLE!#REF!,":"," ",TIMETABLE!#REF!," ",TIMETABLE!#REF!) -> #REF! | M27: =CONCATENATE(TIMETABLE!E$6," ","[",TIMETABLE!E$7," ","Students","]"," ",TIMETABLE!#REF!,":"," ",TIMETABLE!#REF!," ",TIMETABLE!#REF!) -> #REF! | N27: =CONCATENATE(TIMETABLE!#REF!," ","[",TIMETABLE!#REF!," ","Students","]"," ",TIMETABLE!#REF!,":"," ",TIMETABLE!#REF!," ",TIMETABLE!#REF!) -> #REF! | O27: =CONCATENATE(TIMETABLE!#REF!," ","[",TIMETABLE!#REF!," ","Students","]"," ",TIMETABLE!#REF!,":"," ",TIMETABLE!#REF!," ",TIMETABLE!#REF!) -> #REF! | P27: =CONCATENATE(TIMETABLE!F$6," ","[",TIMETABLE!F$7," ","Students","]"," ",TIMETABLE!#REF!,":"," ",TIMETABLE!#REF!," ",TIMETABLE!#REF!) -> #REF! | Q27: =CONCATENATE(TIMETABLE!G$6," ","[",TIMETABLE!G$7," ","Students","]"," ",TIMETABLE!#REF!,":"," ",TIMETABLE!#REF!," ",TIMETABLE!#REF!) -> #REF! | R27: =CONCATENATE(TIMETABLE!#REF!," ","[",TIMETABLE!#REF!," ","Students","]"," ",TIMETABLE!#REF!,":"," ",TIMETABLE!#REF!," ",TIMETABLE!#REF!) -> #REF! | S27: =CONCATENATE(TIMETABLE!#REF!," ","[",TIMETABLE!#REF!," ","Students","]"," ",TIMETABLE!#REF!,":"," ",TIMETABLE!#REF!," ",TIMETABLE!#REF!) -> #REF! | T27: =CONCATENATE(TIMETABLE!J$6," ","[",TIMETABLE!J$7," ","Students","]"," ",TIMETABLE!#REF!,":"," ",TIMETABLE!#REF!," ",TIMETABLE!#REF!) -> #REF! | U27: =CONCATENATE(TIMETABLE!#REF!," ","[",TIMETABLE!#REF!," ","Students","]"," ",TIMETABLE!#REF!,":"," ",TIMETABLE!#REF!," ",TIMETABLE!#REF!) -> #REF! | V27: =CONCATENATE(TIMETABLE!#REF!," ","[",TIMETABLE!#REF!," ","Students","]"," ",TIMETABLE!#REF!,":"," ",TIMETABLE!#REF!," ",TIMETABLE!#REF!) -> #REF! | W27: =CONCATENATE(TIMETABLE!#REF!," ","[",TIMETABLE!#REF!," ","Students","]"," ",TIMETABLE!#REF!,":"," ",TIMETABLE!#REF!," ",TIMETABLE!#REF!) -> #REF! | X27: =CONCATENATE(TIMETABLE!#REF!," ","[",TIMETABLE!#REF!," ","Students","]"," ",TIMETABLE!#REF!,":"," ",TIMETABLE!#REF!," ",TIMETABLE!#REF!) -> #REF! | Y27: =CONCATENATE(TIMETABLE!#REF!," ","[",TIMETABLE!#REF!," ","Students","]"," ",TIMETABLE!#REF!,":"," ",TIMETABLE!#REF!," ",TIMETABLE!#REF!) -> #REF! | Z27: =CONCATENATE(TIMETABLE!#REF!," ","[",TIMETABLE!#REF!," ","Students","]"," ",TIMETABLE!#REF!,":"," ",TIMETABLE!#REF!," ",TIMETABLE!#REF!) -> #REF! | AA27: =CONCATENATE(TIMETABLE!#REF!," ","[",TIMETABLE!#REF!," ","Students","]"," ",TIMETABLE!#REF!,":"," ",TIMETABLE!#REF!," ",TIMETABLE!#REF!) -> #REF! | AB27: =CONCATENATE(TIMETABLE!#REF!," ","[",TIMETABLE!#REF!," ","Students","]"," ",TIMETABLE!#REF!,":"," ",TIMETABLE!#REF!," ",TIMETABLE!#REF!) -> #REF! | AC27: =CONCATENATE(TIMETABLE!W$6," ","[",TIMETABLE!W$7," ","Students","]"," ",TIMETABLE!#REF!,":"," ",TIMETABLE!#REF!," ",TIMETABLE!#REF!) -> #REF! | AD27: =CONCATENATE(TIMETABLE!#REF!," ","[",TIMETABLE!#REF!," ","Students","]"," ",TIMETABLE!#REF!,":"," ",TIMETABLE!#REF!," ",TIMETABLE!#REF!) -> #REF! | AE27: =CONCATENATE(TIMETABLE!#REF!," ","[",TIMETABLE!#REF!," ","Students","]"," ",TIMETABLE!#REF!,":"," ",TIMETABLE!#REF!," ",TIMETABLE!#REF!) -> #REF!
E30: =CONCATENATE(TIMETABLE!#REF!," ","[",TIMETABLE!#REF!," ","Students","]"," ",TIMETABLE!#REF!,":"," ",TIMETABLE!#REF!," ",TIMETABLE!#REF!) -> #REF! | F30: =CONCATENATE(TIMETABLE!#REF!," ","[",TIMETABLE!#REF!," ","Students","]"," ",TIMETABLE!#REF!,":"," ",TIMETABLE!#REF!," ",TIMETABLE!#REF!) -> #REF! | G30: =CONCATENATE(TIMETABLE!#REF!," ","[",TIMETABLE!#REF!," ","Students","]"," ",TIMETABLE!#REF!,":"," ",TIMETABLE!#REF!," ",TIMETABLE!#REF!) -> #REF! | H30: =CONCATENATE(TIMETABLE!#REF!," ","[",TIMETABLE!#REF!," ","Students","]"," ",TIMETABLE!#REF!,":"," ",TIMETABLE!#REF!," ",TIMETABLE!#REF!) -> #REF! | I30: =CONCATENATE(TIMETABLE!#REF!," ","[",TIMETABLE!#REF!," ","Students","]"," ",TIMETABLE!#REF!,":"," ",TIMETABLE!#REF!," ",TIMETABLE!#REF!) -> #REF! | J30: =CONCATENATE(TIMETABLE!#REF!," ","[",TIMETABLE!#REF!," ","Students","]"," ",TIMETABLE!#REF!,":"," ",TIMETABLE!#REF!," ",TIMETABLE!#REF!) -> #REF! | K30: =CONCATENATE(TIMETABLE!#REF!," ","[",TIMETABLE!#REF!," ","Students","]"," ",TIMETABLE!#REF!,":"," ",TIMETABLE!#REF!," ",TIMETABLE!#REF!) -> #REF! | L30: =CONCATENATE(TIMETABLE!D$6," ","[",TIMETABLE!D$7," ","Students","]"," ",TIMETABLE!D16,":"," ",TIMETABLE!D18," ",TIMETABLE!D17) -> BSME/SEP2020/J-FT [Y2S1 (50) Students] : | M30: =CONCATENATE(TIMETABLE!E$6," ","[",TIMETABLE!E$7," ","Students","]"," ",TIMETABLE!E16,":"," ",TIMETABLE!E18," ",TIMETABLE!E17) -> BSME/AUG2021/J-FT [Y1S2 (55) Students] : | N30: =CONCATENATE(TIMETABLE!#REF!," ","[",TIMETABLE!#REF!," ","Students","]"," ",TIMETABLE!#REF!,":"," ",TIMETABLE!#REF!," ",TIMETABLE!#REF!) -> #REF! | O30: =CONCATENATE(TIMETABLE!#REF!," ","[",TIMETABLE!#REF!," ","Students","]"," ",TIMETABLE!#REF!,":"," ",TIMETABLE!#REF!," ",TIMETABLE!#REF!) -> #REF! | P30: =CONCATENATE(TIMETABLE!F$6," ","[",TIMETABLE!F$7," ","Students","]"," ",TIMETABLE!F16,":"," ",TIMETABLE!F18," ",TIMETABLE!F17) -> BTME/SEP2019/S-PT [Y3S1 (10) Students] : | Q30: =CONCATENATE(TIMETABLE!G$6," ","[",TIMETABLE!G$7," ","Students","]"," ",TIMETABLE!G16,":"," ",TIMETABLE!G18," ",TIMETABLE!G17) -> BTME/AUG2021/S-PT [Y2S2 (10) Students] : | R30: =CONCATENATE(TIMETABLE!#REF!," ","[",TIMETABLE!#REF!," ","Students","]"," ",TIMETABLE!#REF!,":"," ",TIMETABLE!#REF!," ",TIMETABLE!#REF!) -> #REF! | S30: =CONCATENATE(TIMETABLE!#REF!," ","[",TIMETABLE!#REF!," ","Students","]"," ",TIMETABLE!#REF!,":"," ",TIMETABLE!#REF!," ",TIMETABLE!#REF!) -> #REF! | T30: =CONCATENATE(TIMETABLE!J$6," ","[",TIMETABLE!J$7," ","Students","]"," ",TIMETABLE!J16,":"," ",TIMETABLE!J18," ",TIMETABLE!J17) -> BTME/AUG2021/J&S-FT [Y1S1 (52) Students] : | U30: =CONCATENATE(TIMETABLE!#REF!," ","[",TIMETABLE!#REF!," ","Students","]"," ",TIMETABLE!#REF!,":"," ",TIMETABLE!#REF!," ",TIMETABLE!#REF!) -> #REF! | V30: =CONCATENATE(TIMETABLE!#REF!," ","[",TIMETABLE!#REF!," ","Students","]"," ",TIMETABLE!#REF!,":"," ",TIMETABLE!#REF!," ",TIMETABLE!#REF!) -> #REF! | W30: =CONCATENATE(TIMETABLE!#REF!," ","[",TIMETABLE!#REF!," ","Students","]"," ",TIMETABLE!#REF!,":"," ",TIMETABLE!#REF!," ",TIMETABLE!#REF!) -> #REF! | X30: =CONCATENATE(TIMETABLE!#REF!," ","[",TIMETABLE!#REF!," ","Students","]"," ",TIMETABLE!#REF!,":"," ",TIMETABLE!#REF!," ",TIMETABLE!#REF!) -> #REF! | Y30: =CONCATENATE(TIMETABLE!#REF!," ","[",TIMETABLE!#REF!," ","Students","]"," ",TIMETABLE!#REF!,":"," ",TIMETABLE!#REF!," ",TIMETABLE!#REF!) -> #REF! | Z30: =CONCATENATE(TIMETABLE!#REF!," ","[",TIMETABLE!#REF!," ","Students","]"," ",TIMETABLE!#REF!,":"," ",TIMETABLE!#REF!," ",TIMETABLE!#REF!) -> #REF! | AA30: =CONCATENATE(TIMETABLE!#REF!," ","[",TIMETABLE!#REF!," ","Students","]"," ",TIMETABLE!#REF!,":"," ",TIMETABLE!#REF!," ",TIMETABLE!#REF!) -> #REF! | AB30: =CONCATENATE(TIMETABLE!#REF!," ","[",TIMETABLE!#REF!," ","Students","]"," ",TIMETABLE!#REF!,":"," ",TIMETABLE!#REF!," ",TIMETABLE!#REF!) -> #REF! | AC30: =CONCATENATE(TIMETABLE!W$6," ","[",TIMETABLE!W$7," ","Students","]"," ",TIMETABLE!W16,":"," ",TIMETABLE!W18," ",TIMETABLE!W17) -> DMAE/SEP20201J&S-FT [Y1S2 (60) Students] : | AD30: =CONCATENATE(TIMETABLE!#REF!," ","[",TIMETABLE!#REF!," ","Students","]"," ",TIMETABLE!#REF!,":"," ",TIMETABLE!#REF!," ",TIMETABLE!#REF!) -> #REF! | AE30: =CONCATENATE(TIMETABLE!#REF!," ","[",TIMETABLE!#REF!," ","Students","]"," ",TIMETABLE!#REF!,":"," ",TIMETABLE!#REF!," ",TIMETABLE!#REF!) -> #REF!
E33: =CONCATENATE(TIMETABLE!#REF!," ","[",TIMETABLE!#REF!," ","Students","]"," ",TIMETABLE!#REF!,":"," ",TIMETABLE!#REF!," ",TIMETABLE!#REF!) -> #REF! | F33: =CONCATENATE(TIMETABLE!#REF!," ","[",TIMETABLE!#REF!," ","Students","]"," ",TIMETABLE!#REF!,":"," ",TIMETABLE!#REF!," ",TIMETABLE!#REF!) -> #REF! | G33: =CONCATENATE(TIMETABLE!#REF!," ","[",TIMETABLE!#REF!," ","Students","]"," ",TIMETABLE!#REF!,":"," ",TIMETABLE!#REF!," ",TIMETABLE!#REF!) -> #REF! | H33: =CONCATENATE(TIMETABLE!#REF!," ","[",TIMETABLE!#REF!," ","Students","]"," ",TIMETABLE!#REF!,":"," ",TIMETABLE!#REF!," ",TIMETABLE!#REF!) -> #REF! | I33: =CONCATENATE(TIMETABLE!#REF!," ","[",TIMETABLE!#REF!," ","Students","]"," ",TIMETABLE!#REF!,":"," ",TIMETABLE!#REF!," ",TIMETABLE!#REF!) -> #REF! | J33: =CONCATENATE(TIMETABLE!#REF!," ","[",TIMETABLE!#REF!," ","Students","]"," ",TIMETABLE!#REF!,":"," ",TIMETABLE!#REF!," ",TIMETABLE!#REF!) -> #REF! | K33: =CONCATENATE(TIMETABLE!#REF!," ","[",TIMETABLE!#REF!," ","Students","]"," ",TIMETABLE!#REF!,":"," ",TIMETABLE!#REF!," ",TIMETABLE!#REF!) -> #REF! | L33: =CONCATENATE(TIMETABLE!D$6," ","[",TIMETABLE!D$7," ","Students","]"," ",TIMETABLE!D19,":"," ",TIMETABLE!D22," ",TIMETABLE!D21) -> BSME/SEP2020/J-FT [Y2S1 (50) Students] EMC 4213: WANGOMBE MB O2 | M33: =CONCATENATE(TIMETABLE!E$6," ","[",TIMETABLE!E$7," ","Students","]"," ",TIMETABLE!E19,":"," ",TIMETABLE!E22," ",TIMETABLE!E21) -> BSME/AUG2021/J-FT [Y1S2 (55) Students] : | N33: =CONCATENATE(TIMETABLE!#REF!," ","[",TIMETABLE!#REF!," ","Students","]"," ",TIMETABLE!#REF!,":"," ",TIMETABLE!#REF!," ",TIMETABLE!#REF!) -> #REF! | O33: =CONCATENATE(TIMETABLE!#REF!," ","[",TIMETABLE!#REF!," ","Students","]"," ",TIMETABLE!#REF!,":"," ",TIMETABLE!#REF!," ",TIMETABLE!#REF!) -> #REF! | P33: =CONCATENATE(TIMETABLE!F$6," ","[",TIMETABLE!F$7," ","Students","]"," ",TIMETABLE!F19,":"," ",TIMETABLE!F22," ",TIMETABLE!F21) -> BTME/SEP2019/S-PT [Y3S1 (10) Students] : | Q33: =CONCATENATE(TIMETABLE!G$6," ","[",TIMETABLE!G$7," ","Students","]"," ",TIMETABLE!G19,":"," ",TIMETABLE!G22," ",TIMETABLE!G21) -> BTME/AUG2021/S-PT [Y2S2 (10) Students] : | R33: =CONCATENATE(TIMETABLE!#REF!," ","[",TIMETABLE!#REF!," ","Students","]"," ",TIMETABLE!#REF!,":"," ",TIMETABLE!#REF!," ",TIMETABLE!#REF!) -> #REF! | S33: =CONCATENATE(TIMETABLE!#REF!," ","[",TIMETABLE!#REF!," ","Students","]"," ",TIMETABLE!#REF!,":"," ",TIMETABLE!#REF!," ",TIMETABLE!#REF!) -> #REF! | T33: =CONCATENATE(TIMETABLE!J$6," ","[",TIMETABLE!J$7," ","Students","]"," ",TIMETABLE!J19,":"," ",TIMETABLE!J22," ",TIMETABLE!J21) -> BTME/AUG2021/J&S-FT [Y1S1 (52) Students] TMC 4105: SWALAH/MWAFONDO LAB | U33: =CONCATENATE(TIMETABLE!#REF!," ","[",TIMETABLE!#REF!," ","Students","]"," ",TIMETABLE!#REF!,":"," ",TIMETABLE!#REF!," ",TIMETABLE!#REF!) -> #REF! | V33: =CONCATENATE(TIMETABLE!#REF!," ","[",TIMETABLE!#REF!," ","Students","]"," ",TIMETABLE!#REF!,":"," ",TIMETABLE!#REF!," ",TIMETABLE!#REF!) -> #REF! | W33: =CONCATENATE(TIMETABLE!#REF!," ","[",TIMETABLE!#REF!," ","Students","]"," ",TIMETABLE!#REF!,":"," ",TIMETABLE!#REF!," ",TIMETABLE!#REF!) -> #REF! | X33: =CONCATENATE(TIMETABLE!#REF!," ","[",TIMETABLE!#REF!," ","Students","]"," ",TIMETABLE!#REF!,":"," ",TIMETABLE!#REF!," ",TIMETABLE!#REF!) -> #REF! | Y33: =CONCATENATE(TIMETABLE!#REF!," ","[",TIMETABLE!#REF!," ","Students","]"," ",TIMETABLE!#REF!,":"," ",TIMETABLE!#REF!," ",TIMETABLE!#REF!) -> #REF! | Z33: =CONCATENATE(TIMETABLE!#REF!," ","[",TIMETABLE!#REF!," ","Students","]"," ",TIMETABLE!#REF!,":"," ",TIMETABLE!#REF!," ",TIMETABLE!#REF!) -> #REF! | AA33: =CONCATENATE(TIMETABLE!#REF!," ","[",TIMETABLE!#REF!," ","Students","]"," ",TIMETABLE!#REF!,":"," ",TIMETABLE!#REF!," ",TIMETABLE!#REF!) -> #REF! | AB33: =CONCATENATE(TIMETABLE!#REF!," ","[",TIMETABLE!#REF!," ","Students","]"," ",TIMETABLE!#REF!,":"," ",TIMETABLE!#REF!," ",TIMETABLE!#REF!) -> #REF! | AC33: =CONCATENATE(TIMETABLE!W$6," ","[",TIMETABLE!W$7," ","Students","]"," ",TIMETABLE!W19,":"," ",TIMETABLE!W22," ",TIMETABLE!W21) -> DMAE/SEP20201J&S-FT [Y1S2 (60) Students] EMR 2131: KIMATHI FET 108 | AD33: =CONCATENATE(TIMETABLE!#REF!," ","[",TIMETABLE!#REF!," ","Students","]"," ",TIMETABLE!#REF!,":"," ",TIMETABLE!#REF!," ",TIMETABLE!#REF!) -> #REF! | AE33: =CONCATENATE(TIMETABLE!#REF!," ","[",TIMETABLE!#REF!," ","Students","]"," ",TIMETABLE!#REF!,":"," ",TIMETABLE!#REF!," ",TIMETABLE!#REF!) -> #REF!
E36: =CONCATENATE(TIMETABLE!#REF!," ","[",TIMETABLE!#REF!," ","Students","]"," ",TIMETABLE!#REF!,":"," ",TIMETABLE!#REF!," ",TIMETABLE!#REF!) -> #REF! | F36: =CONCATENATE(TIMETABLE!#REF!," ","[",TIMETABLE!#REF!," ","Students","]"," ",TIMETABLE!#REF!,":"," ",TIMETABLE!#REF!," ",TIMETABLE!#REF!) -> #REF! | G36: =CONCATENATE(TIMETABLE!#REF!," ","[",TIMETABLE!#REF!," ","Students","]"," ",TIMETABLE!#REF!,":"," ",TIMETABLE!#REF!," ",TIMETABLE!#REF!) -> #REF! | H36: =CONCATENATE(TIMETABLE!#REF!," ","[",TIMETABLE!#REF!," ","Students","]"," ",TIMETABLE!#REF!,":"," ",TIMETABLE!#REF!," ",TIMETABLE!#REF!) -> #REF! | I36: =CONCATENATE(TIMETABLE!#REF!," ","[",TIMETABLE!#REF!," ","Students","]"," ",TIMETABLE!#REF!,":"," ",TIMETABLE!#REF!," ",TIMETABLE!#REF!) -> #REF! | J36: =CONCATENATE(TIMETABLE!#REF!," ","[",TIMETABLE!#REF!," ","Students","]"," ",TIMETABLE!#REF!,":"," ",TIMETABLE!#REF!," ",TIMETABLE!#REF!) -> #REF! | K36: =CONCATENATE(TIMETABLE!#REF!," ","[",TIMETABLE!#REF!," ","Students","]"," ",TIMETABLE!#REF!,":"," ",TIMETABLE!#REF!," ",TIMETABLE!#REF!) -> #REF! | L36: =CONCATENATE(TIMETABLE!D$6," ","[",TIMETABLE!D$7," ","Students","]"," ",TIMETABLE!#REF!,":"," ",TIMETABLE!#REF!," ",TIMETABLE!#REF!) -> #REF! | M36: =CONCATENATE(TIMETABLE!E$6," ","[",TIMETABLE!E$7," ","Students","]"," ",TIMETABLE!#REF!,":"," ",TIMETABLE!#REF!," ",TIMETABLE!#REF!) -> #REF! | N36: =CONCATENATE(TIMETABLE!#REF!," ","[",TIMETABLE!#REF!," ","Students","]"," ",TIMETABLE!#REF!,":"," ",TIMETABLE!#REF!," ",TIMETABLE!#REF!) -> #REF! | O36: =CONCATENATE(TIMETABLE!#REF!," ","[",TIMETABLE!#REF!," ","Students","]"," ",TIMETABLE!#REF!,":"," ",TIMETABLE!#REF!," ",TIMETABLE!#REF!) -> #REF! | P36: =CONCATENATE(TIMETABLE!F$6," ","[",TIMETABLE!F$7," ","Students","]"," ",TIMETABLE!#REF!,":"," ",TIMETABLE!#REF!," ",TIMETABLE!#REF!) -> #REF! | Q36: =CONCATENATE(TIMETABLE!G$6," ","[",TIMETABLE!G$7," ","Students","]"," ",TIMETABLE!#REF!,":"," ",TIMETABLE!#REF!," ",TIMETABLE!#REF!) -> #REF! | R36: =CONCATENATE(TIMETABLE!#REF!," ","[",TIMETABLE!#REF!," ","Students","]"," ",TIMETABLE!#REF!,":"," ",TIMETABLE!#REF!," ",TIMETABLE!#REF!) -> #REF! | S36: =CONCATENATE(TIMETABLE!#REF!," ","[",TIMETABLE!#REF!," ","Students","]"," ",TIMETABLE!#REF!,":"," ",TIMETABLE!#REF!," ",TIMETABLE!#REF!) -> #REF! | T36: =CONCATENATE(TIMETABLE!J$6," ","[",TIMETABLE!J$7," ","Students","]"," ",TIMETABLE!#REF!,":"," ",TIMETABLE!#REF!," ",TIMETABLE!#REF!) -> #REF! | U36: =CONCATENATE(TIMETABLE!#REF!," ","[",TIMETABLE!#REF!," ","Students","]"," ",TIMETABLE!#REF!,":"," ",TIMETABLE!#REF!," ",TIMETABLE!#REF!) -> #REF! | V36: =CONCATENATE(TIMETABLE!#REF!," ","[",TIMETABLE!#REF!," ","Students","]"," ",TIMETABLE!#REF!,":"," ",TIMETABLE!#REF!," ",TIMETABLE!#REF!) -> #REF! | W36: =CONCATENATE(TIMETABLE!#REF!," ","[",TIMETABLE!#REF!," ","Students","]"," ",TIMETABLE!#REF!,":"," ",TIMETABLE!#REF!," ",TIMETABLE!#REF!) -> #REF! | X36: =CONCATENATE(TIMETABLE!#REF!," ","[",TIMETABLE!#REF!," ","Students","]"," ",TIMETABLE!#REF!,":"," ",TIMETABLE!#REF!," ",TIMETABLE!#REF!) -> #REF! | Y36: =CONCATENATE(TIMETABLE!#REF!," ","[",TIMETABLE!#REF!," ","Students","]"," ",TIMETABLE!#REF!,":"," ",TIMETABLE!#REF!," ",TIMETABLE!#REF!) -> #REF! | Z36: =CONCATENATE(TIMETABLE!#REF!," ","[",TIMETABLE!#REF!," ","Students","]"," ",TIMETABLE!#REF!,":"," ",TIMETABLE!#REF!," ",TIMETABLE!#REF!) -> #REF! | AA36: =CONCATENATE(TIMETABLE!#REF!," ","[",TIMETABLE!#REF!," ","Students","]"," ",TIMETABLE!#REF!,":"," ",TIMETABLE!#REF!," ",TIMETABLE!#REF!) -> #REF! | AB36: =CONCATENATE(TIMETABLE!#REF!," ","[",TIMETABLE!#REF!," ","Students","]"," ",TIMETABLE!#REF!,":"," ",TIMETABLE!#REF!," ",TIMETABLE!#REF!) -> #REF! | AC36: =CONCATENATE(TIMETABLE!W$6," ","[",TIMETABLE!W$7," ","Students","]"," ",TIMETABLE!#REF!,":"," ",TIMETABLE!#REF!," ",TIMETABLE!#REF!) -> #REF! | AD36: =CONCATENATE(TIMETABLE!#REF!," ","[",TIMETABLE!#REF!," ","Students","]"," ",TIMETABLE!#REF!,":"," ",TIMETABLE!#REF!," ",TIMETABLE!#REF!) -> #REF! | AE36: =CONCATENATE(TIMETABLE!#REF!," ","[",TIMETABLE!#REF!," ","Students","]"," ",TIMETABLE!#REF!,":"," ",TIMETABLE!#REF!," ",TIMETABLE!#REF!) -> #REF!
E39: =CONCATENATE(TIMETABLE!#REF!," ","[",TIMETABLE!#REF!," ","Students","]"," ",TIMETABLE!#REF!,":"," ",TIMETABLE!#REF!," ",TIMETABLE!#REF!) -> #REF! | F39: =CONCATENATE(TIMETABLE!#REF!," ","[",TIMETABLE!#REF!," ","Students","]"," ",TIMETABLE!#REF!,":"," ",TIMETABLE!#REF!," ",TIMETABLE!#REF!) -> #REF! | G39: =CONCATENATE(TIMETABLE!#REF!," ","[",TIMETABLE!#REF!," ","Students","]"," ",TIMETABLE!#REF!,":"," ",TIMETABLE!#REF!," ",TIMETABLE!#REF!) -> #REF! | H39: =CONCATENATE(TIMETABLE!#REF!," ","[",TIMETABLE!#REF!," ","Students","]"," ",TIMETABLE!#REF!,":"," ",TIMETABLE!#REF!," ",TIMETABLE!#REF!) -> #REF! | I39: =CONCATENATE(TIMETABLE!#REF!," ","[",TIMETABLE!#REF!," ","Students","]"," ",TIMETABLE!#REF!,":"," ",TIMETABLE!#REF!," ",TIMETABLE!#REF!) -> #REF! | J39: =CONCATENATE(TIMETABLE!#REF!," ","[",TIMETABLE!#REF!," ","Students","]"," ",TIMETABLE!#REF!,":"," ",TIMETABLE!#REF!," ",TIMETABLE!#REF!) -> #REF! | K39: =CONCATENATE(TIMETABLE!#REF!," ","[",TIMETABLE!#REF!," ","Students","]"," ",TIMETABLE!#REF!,":"," ",TIMETABLE!#REF!," ",TIMETABLE!#REF!) -> #REF! | L39: =CONCATENATE(TIMETABLE!D$6," ","[",TIMETABLE!D$7," ","Students","]"," ",TIMETABLE!#REF!,":"," ",TIMETABLE!#REF!," ",TIMETABLE!#REF!) -> #REF! | M39: =CONCATENATE(TIMETABLE!E$6," ","[",TIMETABLE!E$7," ","Students","]"," ",TIMETABLE!#REF!,":"," ",TIMETABLE!#REF!," ",TIMETABLE!#REF!) -> #REF! | N39: =CONCATENATE(TIMETABLE!#REF!," ","[",TIMETABLE!#REF!," ","Students","]"," ",TIMETABLE!#REF!,":"," ",TIMETABLE!#REF!," ",TIMETABLE!#REF!) -> #REF! | O39: =CONCATENATE(TIMETABLE!#REF!," ","[",TIMETABLE!#REF!," ","Students","]"," ",TIMETABLE!#REF!,":"," ",TIMETABLE!#REF!," ",TIMETABLE!#REF!) -> #REF! | P39: =CONCATENATE(TIMETABLE!F$6," ","[",TIMETABLE!F$7," ","Students","]"," ",TIMETABLE!#REF!,":"," ",TIMETABLE!#REF!," ",TIMETABLE!#REF!) -> #REF! | Q39: =CONCATENATE(TIMETABLE!G$6," ","[",TIMETABLE!G$7," ","Students","]"," ",TIMETABLE!#REF!,":"," ",TIMETABLE!#REF!," ",TIMETABLE!#REF!) -> #REF! | R39: =CONCATENATE(TIMETABLE!#REF!," ","[",TIMETABLE!#REF!," ","Students","]"," ",TIMETABLE!#REF!,":"," ",TIMETABLE!#REF!," ",TIMETABLE!#REF!) -> #REF! | S39: =CONCATENATE(TIMETABLE!#REF!," ","[",TIMETABLE!#REF!," ","Students","]"," ",TIMETABLE!#REF!,":"," ",TIMETABLE!#REF!," ",TIMETABLE!#REF!) -> #REF! | T39: =CONCATENATE(TIMETABLE!J$6," ","[",TIMETABLE!J$7," ","Students","]"," ",TIMETABLE!#REF!,":"," ",TIMETABLE!#REF!," ",TIMETABLE!#REF!) -> #REF! | U39: =CONCATENATE(TIMETABLE!#REF!," ","[",TIMETABLE!#REF!," ","Students","]"," ",TIMETABLE!#REF!,":"," ",TIMETABLE!#REF!," ",TIMETABLE!#REF!) -> #REF! | V39: =CONCATENATE(TIMETABLE!#REF!," ","[",TIMETABLE!#REF!," ","Students","]"," ",TIMETABLE!#REF!,":"," ",TIMETABLE!#REF!," ",TIMETABLE!#REF!) -> #REF! | W39: =CONCATENATE(TIMETABLE!#REF!," ","[",TIMETABLE!#REF!," ","Students","]"," ",TIMETABLE!#REF!,":"," ",TIMETABLE!#REF!," ",TIMETABLE!#REF!) -> #REF! | X39: =CONCATENATE(TIMETABLE!#REF!," ","[",TIMETABLE!#REF!," ","Students","]"," ",TIMETABLE!#REF!,":"," ",TIMETABLE!#REF!," ",TIMETABLE!#REF!) -> #REF! | Y39: =CONCATENATE(TIMETABLE!#REF!," ","[",TIMETABLE!#REF!," ","Students","]"," ",TIMETABLE!#REF!,":"," ",TIMETABLE!#REF!," ",TIMETABLE!#REF!) -> #REF! | Z39: =CONCATENATE(TIMETABLE!#REF!," ","[",TIMETABLE!#REF!," ","Students","]"," ",TIMETABLE!#REF!,":"," ",TIMETABLE!#REF!," ",TIMETABLE!#REF!) -> #REF! | AA39: =CONCATENATE(TIMETABLE!#REF!," ","[",TIMETABLE!#REF!," ","Students","]"," ",TIMETABLE!#REF!,":"," ",TIMETABLE!#REF!," ",TIMETABLE!#REF!) -> #REF! | AB39: =CONCATENATE(TIMETABLE!#REF!," ","[",TIMETABLE!#REF!," ","Students","]"," ",TIMETABLE!#REF!,":"," ",TIMETABLE!#REF!," ",TIMETABLE!#REF!) -> #REF! | AC39: =CONCATENATE(TIMETABLE!W$6," ","[",TIMETABLE!W$7," ","Students","]"," ",TIMETABLE!#REF!,":"," ",TIMETABLE!#REF!," ",TIMETABLE!#REF!) -> #REF! | AD39: =CONCATENATE(TIMETABLE!#REF!," ","[",TIMETABLE!#REF!," ","Students","]"," ",TIMETABLE!#REF!,":"," ",TIMETABLE!#REF!," ",TIMETABLE!#REF!) -> #REF! | AE39: =CONCATENATE(TIMETABLE!#REF!," ","[",TIMETABLE!#REF!," ","Students","]"," ",TIMETABLE!#REF!,":"," ",TIMETABLE!#REF!," ",TIMETABLE!#REF!) -> #REF!
E42: =CONCATENATE(TIMETABLE!#REF!," ","[",TIMETABLE!#REF!," ","Students","]"," ",TIMETABLE!#REF!,":"," ",TIMETABLE!#REF!," ",TIMETABLE!#REF!) -> #REF! | F42: =CONCATENATE(TIMETABLE!#REF!," ","[",TIMETABLE!#REF!," ","Students","]"," ",TIMETABLE!#REF!,":"," ",TIMETABLE!#REF!," ",TIMETABLE!#REF!) -> #REF! | G42: =CONCATENATE(TIMETABLE!#REF!," ","[",TIMETABLE!#REF!," ","Students","]"," ",TIMETABLE!#REF!,":"," ",TIMETABLE!#REF!," ",TIMETABLE!#REF!) -> #REF! | H42: =CONCATENATE(TIMETABLE!#REF!," ","[",TIMETABLE!#REF!," ","Students","]"," ",TIMETABLE!#REF!,":"," ",TIMETABLE!#REF!," ",TIMETABLE!#REF!) -> #REF! | I42: =CONCATENATE(TIMETABLE!#REF!," ","[",TIMETABLE!#REF!," ","Students","]"," ",TIMETABLE!#REF!,":"," ",TIMETABLE!#REF!," ",TIMETABLE!#REF!) -> #REF! | J42: =CONCATENATE(TIMETABLE!#REF!," ","[",TIMETABLE!#REF!," ","Students","]"," ",TIMETABLE!#REF!,":"," ",TIMETABLE!#REF!," ",TIMETABLE!#REF!) -> #REF! | K42: =CONCATENATE(TIMETABLE!#REF!," ","[",TIMETABLE!#REF!," ","Students","]"," ",TIMETABLE!#REF!,":"," ",TIMETABLE!#REF!," ",TIMETABLE!#REF!) -> #REF! | L42: =CONCATENATE(TIMETABLE!D$6," ","[",TIMETABLE!D$7," ","Students","]"," ",TIMETABLE!#REF!,":"," ",TIMETABLE!#REF!," ",TIMETABLE!#REF!) -> #REF! | M42: =CONCATENATE(TIMETABLE!E$6," ","[",TIMETABLE!E$7," ","Students","]"," ",TIMETABLE!#REF!,":"," ",TIMETABLE!#REF!," ",TIMETABLE!#REF!) -> #REF! | N42: =CONCATENATE(TIMETABLE!#REF!," ","[",TIMETABLE!#REF!," ","Students","]"," ",TIMETABLE!#REF!,":"," ",TIMETABLE!#REF!," ",TIMETABLE!#REF!) -> #REF! | O42: =CONCATENATE(TIMETABLE!#REF!," ","[",TIMETABLE!#REF!," ","Students","]"," ",TIMETABLE!#REF!,":"," ",TIMETABLE!#REF!," ",TIMETABLE!#REF!) -> #REF! | P42: =CONCATENATE(TIMETABLE!F$6," ","[",TIMETABLE!F$7," ","Students","]"," ",TIMETABLE!#REF!,":"," ",TIMETABLE!#REF!," ",TIMETABLE!#REF!) -> #REF! | Q42: =CONCATENATE(TIMETABLE!G$6," ","[",TIMETABLE!G$7," ","Students","]"," ",TIMETABLE!#REF!,":"," ",TIMETABLE!#REF!," ",TIMETABLE!#REF!) -> #REF! | R42: =CONCATENATE(TIMETABLE!#REF!," ","[",TIMETABLE!#REF!," ","Students","]"," ",TIMETABLE!#REF!,":"," ",TIMETABLE!#REF!," ",TIMETABLE!#REF!) -> #REF! | S42: =CONCATENATE(TIMETABLE!#REF!," ","[",TIMETABLE!#REF!," ","Students","]"," ",TIMETABLE!#REF!,":"," ",TIMETABLE!#REF!," ",TIMETABLE!#REF!) -> #REF! | T42: =CONCATENATE(TIMETABLE!J$6," ","[",TIMETABLE!J$7," ","Students","]"," ",TIMETABLE!#REF!,":"," ",TIMETABLE!#REF!," ",TIMETABLE!#REF!) -> #REF! | U42: =CONCATENATE(TIMETABLE!#REF!," ","[",TIMETABLE!#REF!," ","Students","]"," ",TIMETABLE!#REF!,":"," ",TIMETABLE!#REF!," ",TIMETABLE!#REF!) -> #REF! | V42: =CONCATENATE(TIMETABLE!#REF!," ","[",TIMETABLE!#REF!," ","Students","]"," ",TIMETABLE!#REF!,":"," ",TIMETABLE!#REF!," ",TIMETABLE!#REF!) -> #REF! | W42: =CONCATENATE(TIMETABLE!#REF!," ","[",TIMETABLE!#REF!," ","Students","]"," ",TIMETABLE!#REF!,":"," ",TIMETABLE!#REF!," ",TIMETABLE!#REF!) -> #REF! | X42: =CONCATENATE(TIMETABLE!#REF!," ","[",TIMETABLE!#REF!," ","Students","]"," ",TIMETABLE!#REF!,":"," ",TIMETABLE!#REF!," ",TIMETABLE!#REF!) -> #REF! | Y42: =CONCATENATE(TIMETABLE!#REF!," ","[",TIMETABLE!#REF!," ","Students","]"," ",TIMETABLE!#REF!,":"," ",TIMETABLE!#REF!," ",TIMETABLE!#REF!) -> #REF! | Z42: =CONCATENATE(TIMETABLE!#REF!," ","[",TIMETABLE!#REF!," ","Students","]"," ",TIMETABLE!#REF!,":"," ",TIMETABLE!#REF!," ",TIMETABLE!#REF!) -> #REF! | AA42: =CONCATENATE(TIMETABLE!#REF!," ","[",TIMETABLE!#REF!," ","Students","]"," ",TIMETABLE!#REF!,":"," ",TIMETABLE!#REF!," ",TIMETABLE!#REF!) -> #REF! | AB42: =CONCATENATE(TIMETABLE!#REF!," ","[",TIMETABLE!#REF!," ","Students","]"," ",TIMETABLE!#REF!,":"," ",TIMETABLE!#REF!," ",TIMETABLE!#REF!) -> #REF! | AC42: =CONCATENATE(TIMETABLE!W$6," ","[",TIMETABLE!W$7," ","Students","]"," ",TIMETABLE!#REF!,":"," ",TIMETABLE!#REF!," ",TIMETABLE!#REF!) -> #REF! | AD42: =CONCATENATE(TIMETABLE!#REF!," ","[",TIMETABLE!#REF!," ","Students","]"," ",TIMETABLE!#REF!,":"," ",TIMETABLE!#REF!," ",TIMETABLE!#REF!) -> #REF! | AE42: =CONCATENATE(TIMETABLE!#REF!," ","[",TIMETABLE!#REF!," ","Students","]"," ",TIMETABLE!#REF!,":"," ",TIMETABLE!#REF!," ",TIMETABLE!#REF!) -> #REF!
E45: =CONCATENATE(TIMETABLE!#REF!," ","[",TIMETABLE!#REF!," ","Students","]"," ",TIMETABLE!#REF!,":"," ",TIMETABLE!#REF!," ",TIMETABLE!#REF!) -> #REF! | F45: =CONCATENATE(TIMETABLE!#REF!," ","[",TIMETABLE!#REF!," ","Students","]"," ",TIMETABLE!#REF!,":"," ",TIMETABLE!#REF!," ",TIMETABLE!#REF!) -> #REF! | G45: =CONCATENATE(TIMETABLE!#REF!," ","[",TIMETABLE!#REF!," ","Students","]"," ",TIMETABLE!#REF!,":"," ",TIMETABLE!#REF!," ",TIMETABLE!#REF!) -> #REF! | H45: =CONCATENATE(TIMETABLE!#REF!," ","[",TIMETABLE!#REF!," ","Students","]"," ",TIMETABLE!#REF!,":"," ",TIMETABLE!#REF!," ",TIMETABLE!#REF!) -> #REF! | I45: =CONCATENATE(TIMETABLE!#REF!," ","[",TIMETABLE!#REF!," ","Students","]"," ",TIMETABLE!#REF!,":"," ",TIMETABLE!#REF!," ",TIMETABLE!#REF!) -> #REF! | J45: =CONCATENATE(TIMETABLE!#REF!," ","[",TIMETABLE!#REF!," ","Students","]"," ",TIMETABLE!#REF!,":"," ",TIMETABLE!#REF!," ",TIMETABLE!#REF!) -> #REF! | K45: =CONCATENATE(TIMETABLE!#REF!," ","[",TIMETABLE!#REF!," ","Students","]"," ",TIMETABLE!#REF!,":"," ",TIMETABLE!#REF!," ",TIMETABLE!#REF!) -> #REF! | L45: =CONCATENATE(TIMETABLE!D$6," ","[",TIMETABLE!D$7," ","Students","]"," ",TIMETABLE!#REF!,":"," ",TIMETABLE!#REF!," ",TIMETABLE!#REF!) -> #REF! | M45: =CONCATENATE(TIMETABLE!E$6," ","[",TIMETABLE!E$7," ","Students","]"," ",TIMETABLE!#REF!,":"," ",TIMETABLE!#REF!," ",TIMETABLE!#REF!) -> #REF! | N45: =CONCATENATE(TIMETABLE!#REF!," ","[",TIMETABLE!#REF!," ","Students","]"," ",TIMETABLE!#REF!,":"," ",TIMETABLE!#REF!," ",TIMETABLE!#REF!) -> #REF! | O45: =CONCATENATE(TIMETABLE!#REF!," ","[",TIMETABLE!#REF!," ","Students","]"," ",TIMETABLE!#REF!,":"," ",TIMETABLE!#REF!," ",TIMETABLE!#REF!) -> #REF! | P45: =CONCATENATE(TIMETABLE!F$6," ","[",TIMETABLE!F$7," ","Students","]"," ",TIMETABLE!#REF!,":"," ",TIMETABLE!#REF!," ",TIMETABLE!#REF!) -> #REF! | Q45: =CONCATENATE(TIMETABLE!G$6," ","[",TIMETABLE!G$7," ","Students","]"," ",TIMETABLE!#REF!,":"," ",TIMETABLE!#REF!," ",TIMETABLE!#REF!) -> #REF! | R45: =CONCATENATE(TIMETABLE!#REF!," ","[",TIMETABLE!#REF!," ","Students","]"," ",TIMETABLE!#REF!,":"," ",TIMETABLE!#REF!," ",TIMETABLE!#REF!) -> #REF! | S45: =CONCATENATE(TIMETABLE!#REF!," ","[",TIMETABLE!#REF!," ","Students","]"," ",TIMETABLE!#REF!,":"," ",TIMETABLE!#REF!," ",TIMETABLE!#REF!) -> #REF! | T45: =CONCATENATE(TIMETABLE!J$6," ","[",TIMETABLE!J$7," ","Students","]"," ",TIMETABLE!#REF!,":"," ",TIMETABLE!#REF!," ",TIMETABLE!#REF!) -> #REF! | U45: =CONCATENATE(TIMETABLE!#REF!," ","[",TIMETABLE!#REF!," ","Students","]"," ",TIMETABLE!#REF!,":"," ",TIMETABLE!#REF!," ",TIMETABLE!#REF!) -> #REF! | V45: =CONCATENATE(TIMETABLE!#REF!," ","[",TIMETABLE!#REF!," ","Students","]"," ",TIMETABLE!#REF!,":"," ",TIMETABLE!#REF!," ",TIMETABLE!#REF!) -> #REF! | W45: =CONCATENATE(TIMETABLE!#REF!," ","[",TIMETABLE!#REF!," ","Students","]"," ",TIMETABLE!#REF!,":"," ",TIMETABLE!#REF!," ",TIMETABLE!#REF!) -> #REF! | X45: =CONCATENATE(TIMETABLE!#REF!," ","[",TIMETABLE!#REF!," ","Students","]"," ",TIMETABLE!#REF!,":"," ",TIMETABLE!#REF!," ",TIMETABLE!#REF!) -> #REF! | Y45: =CONCATENATE(TIMETABLE!#REF!," ","[",TIMETABLE!#REF!," ","Students","]"," ",TIMETABLE!#REF!,":"," ",TIMETABLE!#REF!," ",TIMETABLE!#REF!) -> #REF! | Z45: =CONCATENATE(TIMETABLE!#REF!," ","[",TIMETABLE!#REF!," ","Students","]"," ",TIMETABLE!#REF!,":"," ",TIMETABLE!#REF!," ",TIMETABLE!#REF!) -> #REF! | AA45: =CONCATENATE(TIMETABLE!#REF!," ","[",TIMETABLE!#REF!," ","Students","]"," ",TIMETABLE!#REF!,":"," ",TIMETABLE!#REF!," ",TIMETABLE!#REF!) -> #REF! | AB45: =CONCATENATE(TIMETABLE!#REF!," ","[",TIMETABLE!#REF!," ","Students","]"," ",TIMETABLE!#REF!,":"," ",TIMETABLE!#REF!," ",TIMETABLE!#REF!) -> #REF! | AC45: =CONCATENATE(TIMETABLE!W$6," ","[",TIMETABLE!W$7," ","Students","]"," ",TIMETABLE!#REF!,":"," ",TIMETABLE!#REF!," ",TIMETABLE!#REF!) -> #REF! | AD45: =CONCATENATE(TIMETABLE!#REF!," ","[",TIMETABLE!#REF!," ","Students","]"," ",TIMETABLE!#REF!,":"," ",TIMETABLE!#REF!," ",TIMETABLE!#REF!) -> #REF! | AE45: =CONCATENATE(TIMETABLE!#REF!," ","[",TIMETABLE!#REF!," ","Students","]"," ",TIMETABLE!#REF!,":"," ",TIMETABLE!#REF!," ",TIMETABLE!#REF!) -> #REF!
E48: =CONCATENATE(TIMETABLE!#REF!," ","[",TIMETABLE!#REF!," ","Students","]"," ",TIMETABLE!#REF!,":"," ",TIMETABLE!#REF!," ",TIMETABLE!#REF!) -> #REF! | F48: =CONCATENATE(TIMETABLE!#REF!," ","[",TIMETABLE!#REF!," ","Students","]"," ",TIMETABLE!#REF!,":"," ",TIMETABLE!#REF!," ",TIMETABLE!#REF!) -> #REF! | G48: =CONCATENATE(TIMETABLE!#REF!," ","[",TIMETABLE!#REF!," ","Students","]"," ",TIMETABLE!#REF!,":"," ",TIMETABLE!#REF!," ",TIMETABLE!#REF!) -> #REF! | H48: =CONCATENATE(TIMETABLE!#REF!," ","[",TIMETABLE!#REF!," ","Students","]"," ",TIMETABLE!#REF!,":"," ",TIMETABLE!#REF!," ",TIMETABLE!#REF!) -> #REF! | I48: =CONCATENATE(TIMETABLE!#REF!," ","[",TIMETABLE!#REF!," ","Students","]"," ",TIMETABLE!#REF!,":"," ",TIMETABLE!#REF!," ",TIMETABLE!#REF!) -> #REF! | J48: =CONCATENATE(TIMETABLE!#REF!," ","[",TIMETABLE!#REF!," ","Students","]"," ",TIMETABLE!#REF!,":"," ",TIMETABLE!#REF!," ",TIMETABLE!#REF!) -> #REF! | K48: =CONCATENATE(TIMETABLE!#REF!," ","[",TIMETABLE!#REF!," ","Students","]"," ",TIMETABLE!#REF!,":"," ",TIMETABLE!#REF!," ",TIMETABLE!#REF!) -> #REF! | L48: =CONCATENATE(TIMETABLE!D$6," ","[",TIMETABLE!D$7," ","Students","]"," ",TIMETABLE!D23,":"," ",TIMETABLE!D26," ",TIMETABLE!D25) -> BSME/SEP2020/J-FT [Y2S1 (50) Students] : | M48: =CONCATENATE(TIMETABLE!E$6," ","[",TIMETABLE!E$7," ","Students","]"," ",TIMETABLE!E23,":"," ",TIMETABLE!E26," ",TIMETABLE!E25) -> BSME/AUG2021/J-FT [Y1S2 (55) Students] : | N48: =CONCATENATE(TIMETABLE!#REF!," ","[",TIMETABLE!#REF!," ","Students","]"," ",TIMETABLE!#REF!,":"," ",TIMETABLE!#REF!," ",TIMETABLE!#REF!) -> #REF! | O48: =CONCATENATE(TIMETABLE!#REF!," ","[",TIMETABLE!#REF!," ","Students","]"," ",TIMETABLE!#REF!,":"," ",TIMETABLE!#REF!," ",TIMETABLE!#REF!) -> #REF! | P48: =CONCATENATE(TIMETABLE!F$6," ","[",TIMETABLE!F$7," ","Students","]"," ",TIMETABLE!F23,":"," ",TIMETABLE!F26," ",TIMETABLE!F25) -> BTME/SEP2019/S-PT [Y3S1 (10) Students] TMC 4311: NYAMU.. FET 109 | Q48: =CONCATENATE(TIMETABLE!G$6," ","[",TIMETABLE!G$7," ","Students","]"," ",TIMETABLE!G23,":"," ",TIMETABLE!G26," ",TIMETABLE!G25) -> BTME/AUG2021/S-PT [Y2S2 (10) Students] TMC 4225: MUNIALO CH | R48: =CONCATENATE(TIMETABLE!#REF!," ","[",TIMETABLE!#REF!," ","Students","]"," ",TIMETABLE!#REF!,":"," ",TIMETABLE!#REF!," ",TIMETABLE!#REF!) -> #REF! | S48: =CONCATENATE(TIMETABLE!#REF!," ","[",TIMETABLE!#REF!," ","Students","]"," ",TIMETABLE!#REF!,":"," ",TIMETABLE!#REF!," ",TIMETABLE!#REF!) -> #REF! | T48: =CONCATENATE(TIMETABLE!J$6," ","[",TIMETABLE!J$7," ","Students","]"," ",TIMETABLE!J23,":"," ",TIMETABLE!J26," ",TIMETABLE!J25) -> BTME/AUG2021/J&S-FT [Y1S1 (52) Students] : | U48: =CONCATENATE(TIMETABLE!#REF!," ","[",TIMETABLE!#REF!," ","Students","]"," ",TIMETABLE!#REF!,":"," ",TIMETABLE!#REF!," ",TIMETABLE!#REF!) -> #REF! | V48: =CONCATENATE(TIMETABLE!#REF!," ","[",TIMETABLE!#REF!," ","Students","]"," ",TIMETABLE!#REF!,":"," ",TIMETABLE!#REF!," ",TIMETABLE!#REF!) -> #REF! | W48: =CONCATENATE(TIMETABLE!#REF!," ","[",TIMETABLE!#REF!," ","Students","]"," ",TIMETABLE!#REF!,":"," ",TIMETABLE!#REF!," ",TIMETABLE!#REF!) -> #REF! | X48: =CONCATENATE(TIMETABLE!#REF!," ","[",TIMETABLE!#REF!," ","Students","]"," ",TIMETABLE!#REF!,":"," ",TIMETABLE!#REF!," ",TIMETABLE!#REF!) -> #REF! | Y48: =CONCATENATE(TIMETABLE!#REF!," ","[",TIMETABLE!#REF!," ","Students","]"," ",TIMETABLE!#REF!,":"," ",TIMETABLE!#REF!," ",TIMETABLE!#REF!) -> #REF! | Z48: =CONCATENATE(TIMETABLE!#REF!," ","[",TIMETABLE!#REF!," ","Students","]"," ",TIMETABLE!#REF!,":"," ",TIMETABLE!#REF!," ",TIMETABLE!#REF!) -> #REF! | AA48: =CONCATENATE(TIMETABLE!#REF!," ","[",TIMETABLE!#REF!," ","Students","]"," ",TIMETABLE!#REF!,":"," ",TIMETABLE!#REF!," ",TIMETABLE!#REF!) -> #REF! | AB48: =CONCATENATE(TIMETABLE!#REF!," ","[",TIMETABLE!#REF!," ","Students","]"," ",TIMETABLE!#REF!,":"," ",TIMETABLE!#REF!," ",TIMETABLE!#REF!) -> #REF! | AC48: =CONCATENATE(TIMETABLE!W$6," ","[",TIMETABLE!W$7," ","Students","]"," ",TIMETABLE!W23,":"," ",TIMETABLE!W26," ",TIMETABLE!W25) -> DMAE/SEP20201J&S-FT [Y1S2 (60) Students] : | AD48: =CONCATENATE(TIMETABLE!#REF!," ","[",TIMETABLE!#REF!," ","Students","]"," ",TIMETABLE!#REF!,":"," ",TIMETABLE!#REF!," ",TIMETABLE!#REF!) -> #REF! | AE48: =CONCATENATE(TIMETABLE!#REF!," ","[",TIMETABLE!#REF!," ","Students","]"," ",TIMETABLE!#REF!,":"," ",TIMETABLE!#REF!," ",TIMETABLE!#REF!) -> #REF!
E51: =CONCATENATE(TIMETABLE!#REF!," ","[",TIMETABLE!#REF!," ","Students","]"," ",TIMETABLE!#REF!,":"," ",TIMETABLE!#REF!," ",TIMETABLE!#REF!) -> #REF! | F51: =CONCATENATE(TIMETABLE!#REF!," ","[",TIMETABLE!#REF!," ","Students","]"," ",TIMETABLE!#REF!,":"," ",TIMETABLE!#REF!," ",TIMETABLE!#REF!) -> #REF! | G51: =CONCATENATE(TIMETABLE!#REF!," ","[",TIMETABLE!#REF!," ","Students","]"," ",TIMETABLE!#REF!,":"," ",TIMETABLE!#REF!," ",TIMETABLE!#REF!) -> #REF! | H51: =CONCATENATE(TIMETABLE!#REF!," ","[",TIMETABLE!#REF!," ","Students","]"," ",TIMETABLE!#REF!,":"," ",TIMETABLE!#REF!," ",TIMETABLE!#REF!) -> #REF! | I51: =CONCATENATE(TIMETABLE!#REF!," ","[",TIMETABLE!#REF!," ","Students","]"," ",TIMETABLE!#REF!,":"," ",TIMETABLE!#REF!," ",TIMETABLE!#REF!) -> #REF! | J51: =CONCATENATE(TIMETABLE!#REF!," ","[",TIMETABLE!#REF!," ","Students","]"," ",TIMETABLE!#REF!,":"," ",TIMETABLE!#REF!," ",TIMETABLE!#REF!) -> #REF! | K51: =CONCATENATE(TIMETABLE!#REF!," ","[",TIMETABLE!#REF!," ","Students","]"," ",TIMETABLE!#REF!,":"," ",TIMETABLE!#REF!," ",TIMETABLE!#REF!) -> #REF! | L51: =CONCATENATE(TIMETABLE!D$6," ","[",TIMETABLE!D$7," ","Students","]"," ",TIMETABLE!#REF!,":"," ",TIMETABLE!#REF!," ",TIMETABLE!#REF!) -> #REF! | M51: =CONCATENATE(TIMETABLE!E$6," ","[",TIMETABLE!E$7," ","Students","]"," ",TIMETABLE!E27,":"," ",TIMETABLE!E30," ",TIMETABLE!E29) -> BSME/AUG2021/J-FT [Y1S2 (55) Students] APS 4102: DR. OMBOGA MB 13A | N51: =CONCATENATE(TIMETABLE!#REF!," ","[",TIMETABLE!#REF!," ","Students","]"," ",TIMETABLE!#REF!,":"," ",TIMETABLE!#REF!," ",TIMETABLE!#REF!) -> #REF! | O51: =CONCATENATE(TIMETABLE!#REF!," ","[",TIMETABLE!#REF!," ","Students","]"," ",TIMETABLE!#REF!,":"," ",TIMETABLE!#REF!," ",TIMETABLE!#REF!) -> #REF! | P51: =CONCATENATE(TIMETABLE!F$6," ","[",TIMETABLE!F$7," ","Students","]"," ",TIMETABLE!F27,":"," ",TIMETABLE!F30," ",TIMETABLE!F29) -> BTME/SEP2019/S-PT [Y3S1 (10) Students] : | Q51: =CONCATENATE(TIMETABLE!G$6," ","[",TIMETABLE!G$7," ","Students","]"," ",TIMETABLE!G27,":"," ",TIMETABLE!G30," ",TIMETABLE!G29) -> BTME/AUG2021/S-PT [Y2S2 (10) Students] : | R51: =CONCATENATE(TIMETABLE!#REF!," ","[",TIMETABLE!#REF!," ","Students","]"," ",TIMETABLE!#REF!,":"," ",TIMETABLE!#REF!," ",TIMETABLE!#REF!) -> #REF! | S51: =CONCATENATE(TIMETABLE!#REF!," ","[",TIMETABLE!#REF!," ","Students","]"," ",TIMETABLE!#REF!,":"," ",TIMETABLE!#REF!," ",TIMETABLE!#REF!) -> #REF! | T51: =CONCATENATE(TIMETABLE!J$6," ","[",TIMETABLE!J$7," ","Students","]"," ",TIMETABLE!#REF!,":"," ",TIMETABLE!#REF!," ",TIMETABLE!#REF!) -> #REF! | U51: =CONCATENATE(TIMETABLE!#REF!," ","[",TIMETABLE!#REF!," ","Students","]"," ",TIMETABLE!#REF!,":"," ",TIMETABLE!#REF!," ",TIMETABLE!#REF!) -> #REF! | V51: =CONCATENATE(TIMETABLE!#REF!," ","[",TIMETABLE!#REF!," ","Students","]"," ",TIMETABLE!#REF!,":"," ",TIMETABLE!#REF!," ",TIMETABLE!#REF!) -> #REF! | W51: =CONCATENATE(TIMETABLE!#REF!," ","[",TIMETABLE!#REF!," ","Students","]"," ",TIMETABLE!#REF!,":"," ",TIMETABLE!#REF!," ",TIMETABLE!#REF!) -> #REF! | X51: =CONCATENATE(TIMETABLE!#REF!," ","[",TIMETABLE!#REF!," ","Students","]"," ",TIMETABLE!#REF!,":"," ",TIMETABLE!#REF!," ",TIMETABLE!#REF!) -> #REF! | Y51: =CONCATENATE(TIMETABLE!#REF!," ","[",TIMETABLE!#REF!," ","Students","]"," ",TIMETABLE!#REF!,":"," ",TIMETABLE!#REF!," ",TIMETABLE!#REF!) -> #REF! | Z51: =CONCATENATE(TIMETABLE!#REF!," ","[",TIMETABLE!#REF!," ","Students","]"," ",TIMETABLE!#REF!,":"," ",TIMETABLE!#REF!," ",TIMETABLE!#REF!) -> #REF! | AA51: =CONCATENATE(TIMETABLE!#REF!," ","[",TIMETABLE!#REF!," ","Students","]"," ",TIMETABLE!#REF!,":"," ",TIMETABLE!#REF!," ",TIMETABLE!#REF!) -> #REF! | AB51: =CONCATENATE(TIMETABLE!#REF!," ","[",TIMETABLE!#REF!," ","Students","]"," ",TIMETABLE!#REF!,":"," ",TIMETABLE!#REF!," ",TIMETABLE!#REF!) -> #REF! | AC51: =CONCATENATE(TIMETABLE!W$6," ","[",TIMETABLE!W$7," ","Students","]"," ",TIMETABLE!W27,":"," ",TIMETABLE!W30," ",TIMETABLE!W29) -> DMAE/SEP20201J&S-FT [Y1S2 (60) Students] EMR 2131: KIMATHI/MUTUKU MV/WSHOP | AD51: =CONCATENATE(TIMETABLE!#REF!," ","[",TIMETABLE!#REF!," ","Students","]"," ",TIMETABLE!#REF!,":"," ",TIMETABLE!#REF!," ",TIMETABLE!#REF!) -> #REF! | AE51: =CONCATENATE(TIMETABLE!#REF!," ","[",TIMETABLE!#REF!," ","Students","]"," ",TIMETABLE!#REF!,":"," ",TIMETABLE!#REF!," ",TIMETABLE!#REF!) -> #REF!
E54: =CONCATENATE(TIMETABLE!#REF!," ","[",TIMETABLE!#REF!," ","Students","]"," ",TIMETABLE!#REF!,":"," ",TIMETABLE!#REF!," ",TIMETABLE!#REF!) -> #REF! | F54: =CONCATENATE(TIMETABLE!#REF!," ","[",TIMETABLE!#REF!," ","Students","]"," ",TIMETABLE!#REF!,":"," ",TIMETABLE!#REF!," ",TIMETABLE!#REF!) -> #REF! | G54: =CONCATENATE(TIMETABLE!#REF!," ","[",TIMETABLE!#REF!," ","Students","]"," ",TIMETABLE!#REF!,":"," ",TIMETABLE!#REF!," ",TIMETABLE!#REF!) -> #REF! | H54: =CONCATENATE(TIMETABLE!#REF!," ","[",TIMETABLE!#REF!," ","Students","]"," ",TIMETABLE!#REF!,":"," ",TIMETABLE!#REF!," ",TIMETABLE!#REF!) -> #REF! | I54: =CONCATENATE(TIMETABLE!#REF!," ","[",TIMETABLE!#REF!," ","Students","]"," ",TIMETABLE!#REF!,":"," ",TIMETABLE!#REF!," ",TIMETABLE!#REF!) -> #REF! | J54: =CONCATENATE(TIMETABLE!#REF!," ","[",TIMETABLE!#REF!," ","Students","]"," ",TIMETABLE!#REF!,":"," ",TIMETABLE!#REF!," ",TIMETABLE!#REF!) -> #REF! | K54: =CONCATENATE(TIMETABLE!#REF!," ","[",TIMETABLE!#REF!," ","Students","]"," ",TIMETABLE!#REF!,":"," ",TIMETABLE!#REF!," ",TIMETABLE!#REF!) -> #REF! | L54: =CONCATENATE(TIMETABLE!D$6," ","[",TIMETABLE!D$7," ","Students","]"," ",TIMETABLE!#REF!,":"," ",TIMETABLE!#REF!," ",TIMETABLE!#REF!) -> #REF! | M54: =CONCATENATE(TIMETABLE!E$6," ","[",TIMETABLE!E$7," ","Students","]"," ",TIMETABLE!#REF!,":"," ",TIMETABLE!#REF!," ",TIMETABLE!#REF!) -> #REF! | N54: =CONCATENATE(TIMETABLE!#REF!," ","[",TIMETABLE!#REF!," ","Students","]"," ",TIMETABLE!#REF!,":"," ",TIMETABLE!#REF!," ",TIMETABLE!#REF!) -> #REF! | O54: =CONCATENATE(TIMETABLE!#REF!," ","[",TIMETABLE!#REF!," ","Students","]"," ",TIMETABLE!#REF!,":"," ",TIMETABLE!#REF!," ",TIMETABLE!#REF!) -> #REF! | P54: =CONCATENATE(TIMETABLE!F$6," ","[",TIMETABLE!F$7," ","Students","]"," ",TIMETABLE!#REF!,":"," ",TIMETABLE!#REF!," ",TIMETABLE!#REF!) -> #REF! | Q54: =CONCATENATE(TIMETABLE!G$6," ","[",TIMETABLE!G$7," ","Students","]"," ",TIMETABLE!#REF!,":"," ",TIMETABLE!#REF!," ",TIMETABLE!#REF!) -> #REF! | R54: =CONCATENATE(TIMETABLE!#REF!," ","[",TIMETABLE!#REF!," ","Students","]"," ",TIMETABLE!#REF!,":"," ",TIMETABLE!#REF!," ",TIMETABLE!#REF!) -> #REF! | S54: =CONCATENATE(TIMETABLE!#REF!," ","[",TIMETABLE!#REF!," ","Students","]"," ",TIMETABLE!#REF!,":"," ",TIMETABLE!#REF!," ",TIMETABLE!#REF!) -> #REF! | T54: =CONCATENATE(TIMETABLE!J$6," ","[",TIMETABLE!J$7," ","Students","]"," ",TIMETABLE!#REF!,":"," ",TIMETABLE!#REF!," ",TIMETABLE!#REF!) -> #REF! | U54: =CONCATENATE(TIMETABLE!#REF!," ","[",TIMETABLE!#REF!," ","Students","]"," ",TIMETABLE!#REF!,":"," ",TIMETABLE!#REF!," ",TIMETABLE!#REF!) -> #REF! | V54: =CONCATENATE(TIMETABLE!#REF!," ","[",TIMETABLE!#REF!," ","Students","]"," ",TIMETABLE!#REF!,":"," ",TIMETABLE!#REF!," ",TIMETABLE!#REF!) -> #REF! | W54: =CONCATENATE(TIMETABLE!#REF!," ","[",TIMETABLE!#REF!," ","Students","]"," ",TIMETABLE!#REF!,":"," ",TIMETABLE!#REF!," ",TIMETABLE!#REF!) -> #REF! | X54: =CONCATENATE(TIMETABLE!#REF!," ","[",TIMETABLE!#REF!," ","Students","]"," ",TIMETABLE!#REF!,":"," ",TIMETABLE!#REF!," ",TIMETABLE!#REF!) -> #REF! | Y54: =CONCATENATE(TIMETABLE!#REF!," ","[",TIMETABLE!#REF!," ","Students","]"," ",TIMETABLE!#REF!,":"," ",TIMETABLE!#REF!," ",TIMETABLE!#REF!) -> #REF! | Z54: =CONCATENATE(TIMETABLE!#REF!," ","[",TIMETABLE!#REF!," ","Students","]"," ",TIMETABLE!#REF!,":"," ",TIMETABLE!#REF!," ",TIMETABLE!#REF!) -> #REF! | AA54: =CONCATENATE(TIMETABLE!#REF!," ","[",TIMETABLE!#REF!," ","Students","]"," ",TIMETABLE!#REF!,":"," ",TIMETABLE!#REF!," ",TIMETABLE!#REF!) -> #REF! | AB54: =CONCATENATE(TIMETABLE!#REF!," ","[",TIMETABLE!#REF!," ","Students","]"," ",TIMETABLE!#REF!,":"," ",TIMETABLE!#REF!," ",TIMETABLE!#REF!) -> #REF! | AC54: =CONCATENATE(TIMETABLE!W$6," ","[",TIMETABLE!W$7," ","Students","]"," ",TIMETABLE!#REF!,":"," ",TIMETABLE!#REF!," ",TIMETABLE!#REF!) -> #REF! | AD54: =CONCATENATE(TIMETABLE!#REF!," ","[",TIMETABLE!#REF!," ","Students","]"," ",TIMETABLE!#REF!,":"," ",TIMETABLE!#REF!," ",TIMETABLE!#REF!) -> #REF! | AE54: =CONCATENATE(TIMETABLE!#REF!," ","[",TIMETABLE!#REF!," ","Students","]"," ",TIMETABLE!#REF!,":"," ",TIMETABLE!#REF!," ",TIMETABLE!#REF!) -> #REF!
E57: =CONCATENATE(TIMETABLE!#REF!," ","[",TIMETABLE!#REF!," ","Students","]"," ",TIMETABLE!#REF!,":"," ",TIMETABLE!#REF!," ",TIMETABLE!#REF!) -> #REF! | F57: =CONCATENATE(TIMETABLE!#REF!," ","[",TIMETABLE!#REF!," ","Students","]"," ",TIMETABLE!#REF!,":"," ",TIMETABLE!#REF!," ",TIMETABLE!#REF!) -> #REF! | G57: =CONCATENATE(TIMETABLE!#REF!," ","[",TIMETABLE!#REF!," ","Students","]"," ",TIMETABLE!#REF!,":"," ",TIMETABLE!#REF!," ",TIMETABLE!#REF!) -> #REF! | H57: =CONCATENATE(TIMETABLE!#REF!," ","[",TIMETABLE!#REF!," ","Students","]"," ",TIMETABLE!#REF!,":"," ",TIMETABLE!#REF!," ",TIMETABLE!#REF!) -> #REF! | I57: =CONCATENATE(TIMETABLE!#REF!," ","[",TIMETABLE!#REF!," ","Students","]"," ",TIMETABLE!#REF!,":"," ",TIMETABLE!#REF!," ",TIMETABLE!#REF!) -> #REF! | J57: =CONCATENATE(TIMETABLE!#REF!," ","[",TIMETABLE!#REF!," ","Students","]"," ",TIMETABLE!#REF!,":"," ",TIMETABLE!#REF!," ",TIMETABLE!#REF!) -> #REF! | K57: =CONCATENATE(TIMETABLE!#REF!," ","[",TIMETABLE!#REF!," ","Students","]"," ",TIMETABLE!#REF!,":"," ",TIMETABLE!#REF!," ",TIMETABLE!#REF!) -> #REF! | L57: =CONCATENATE(TIMETABLE!D$6," ","[",TIMETABLE!D$7," ","Students","]"," ",TIMETABLE!#REF!,":"," ",TIMETABLE!#REF!," ",TIMETABLE!#REF!) -> #REF! | M57: =CONCATENATE(TIMETABLE!E$6," ","[",TIMETABLE!E$7," ","Students","]"," ",TIMETABLE!#REF!,":"," ",TIMETABLE!#REF!," ",TIMETABLE!#REF!) -> #REF! | N57: =CONCATENATE(TIMETABLE!#REF!," ","[",TIMETABLE!#REF!," ","Students","]"," ",TIMETABLE!#REF!,":"," ",TIMETABLE!#REF!," ",TIMETABLE!#REF!) -> #REF! | O57: =CONCATENATE(TIMETABLE!#REF!," ","[",TIMETABLE!#REF!," ","Students","]"," ",TIMETABLE!#REF!,":"," ",TIMETABLE!#REF!," ",TIMETABLE!#REF!) -> #REF! | P57: =CONCATENATE(TIMETABLE!F$6," ","[",TIMETABLE!F$7," ","Students","]"," ",TIMETABLE!#REF!,":"," ",TIMETABLE!#REF!," ",TIMETABLE!#REF!) -> #REF! | Q57: =CONCATENATE(TIMETABLE!G$6," ","[",TIMETABLE!G$7," ","Students","]"," ",TIMETABLE!#REF!,":"," ",TIMETABLE!#REF!," ",TIMETABLE!#REF!) -> #REF! | R57: =CONCATENATE(TIMETABLE!#REF!," ","[",TIMETABLE!#REF!," ","Students","]"," ",TIMETABLE!#REF!,":"," ",TIMETABLE!#REF!," ",TIMETABLE!#REF!) -> #REF! | S57: =CONCATENATE(TIMETABLE!#REF!," ","[",TIMETABLE!#REF!," ","Students","]"," ",TIMETABLE!#REF!,":"," ",TIMETABLE!#REF!," ",TIMETABLE!#REF!) -> #REF! | T57: =CONCATENATE(TIMETABLE!J$6," ","[",TIMETABLE!J$7," ","Students","]"," ",TIMETABLE!#REF!,":"," ",TIMETABLE!#REF!," ",TIMETABLE!#REF!) -> #REF! | U57: =CONCATENATE(TIMETABLE!#REF!," ","[",TIMETABLE!#REF!," ","Students","]"," ",TIMETABLE!#REF!,":"," ",TIMETABLE!#REF!," ",TIMETABLE!#REF!) -> #REF! | V57: =CONCATENATE(TIMETABLE!#REF!," ","[",TIMETABLE!#REF!," ","Students","]"," ",TIMETABLE!#REF!,":"," ",TIMETABLE!#REF!," ",TIMETABLE!#REF!) -> #REF! | W57: =CONCATENATE(TIMETABLE!#REF!," ","[",TIMETABLE!#REF!," ","Students","]"," ",TIMETABLE!#REF!,":"," ",TIMETABLE!#REF!," ",TIMETABLE!#REF!) -> #REF! | X57: =CONCATENATE(TIMETABLE!#REF!," ","[",TIMETABLE!#REF!," ","Students","]"," ",TIMETABLE!#REF!,":"," ",TIMETABLE!#REF!," ",TIMETABLE!#REF!) -> #REF! | Y57: =CONCATENATE(TIMETABLE!#REF!," ","[",TIMETABLE!#REF!," ","Students","]"," ",TIMETABLE!#REF!,":"," ",TIMETABLE!#REF!," ",TIMETABLE!#REF!) -> #REF! | Z57: =CONCATENATE(TIMETABLE!#REF!," ","[",TIMETABLE!#REF!," ","Students","]"," ",TIMETABLE!#REF!,":"," ",TIMETABLE!#REF!," ",TIMETABLE!#REF!) -> #REF! | AA57: =CONCATENATE(TIMETABLE!#REF!," ","[",TIMETABLE!#REF!," ","Students","]"," ",TIMETABLE!#REF!,":"," ",TIMETABLE!#REF!," ",TIMETABLE!#REF!) -> #REF! | AB57: =CONCATENATE(TIMETABLE!#REF!," ","[",TIMETABLE!#REF!," ","Students","]"," ",TIMETABLE!#REF!,":"," ",TIMETABLE!#REF!," ",TIMETABLE!#REF!) -> #REF! | AC57: =CONCATENATE(TIMETABLE!W$6," ","[",TIMETABLE!W$7," ","Students","]"," ",TIMETABLE!#REF!,":"," ",TIMETABLE!#REF!," ",TIMETABLE!#REF!) -> #REF! | AD57: =CONCATENATE(TIMETABLE!#REF!," ","[",TIMETABLE!#REF!," ","Students","]"," ",TIMETABLE!#REF!,":"," ",TIMETABLE!#REF!," ",TIMETABLE!#REF!) -> #REF! | AE57: =CONCATENATE(TIMETABLE!#REF!," ","[",TIMETABLE!#REF!," ","Students","]"," ",TIMETABLE!#REF!,":"," ",TIMETABLE!#REF!," ",TIMETABLE!#REF!) -> #REF!
E60: =CONCATENATE(TIMETABLE!#REF!," ","[",TIMETABLE!#REF!," ","Students","]"," ",TIMETABLE!#REF!,":"," ",TIMETABLE!#REF!," ",TIMETABLE!#REF!) -> #REF! | F60: =CONCATENATE(TIMETABLE!#REF!," ","[",TIMETABLE!#REF!," ","Students","]"," ",TIMETABLE!#REF!,":"," ",TIMETABLE!#REF!," ",TIMETABLE!#REF!) -> #REF! | G60: =CONCATENATE(TIMETABLE!#REF!," ","[",TIMETABLE!#REF!," ","Students","]"," ",TIMETABLE!#REF!,":"," ",TIMETABLE!#REF!," ",TIMETABLE!#REF!) -> #REF! | H60: =CONCATENATE(TIMETABLE!#REF!," ","[",TIMETABLE!#REF!," ","Students","]"," ",TIMETABLE!#REF!,":"," ",TIMETABLE!#REF!," ",TIMETABLE!#REF!) -> #REF! | I60: =CONCATENATE(TIMETABLE!#REF!," ","[",TIMETABLE!#REF!," ","Students","]"," ",TIMETABLE!#REF!,":"," ",TIMETABLE!#REF!," ",TIMETABLE!#REF!) -> #REF! | J60: =CONCATENATE(TIMETABLE!#REF!," ","[",TIMETABLE!#REF!," ","Students","]"," ",TIMETABLE!#REF!,":"," ",TIMETABLE!#REF!," ",TIMETABLE!#REF!) -> #REF! | K60: =CONCATENATE(TIMETABLE!#REF!," ","[",TIMETABLE!#REF!," ","Students","]"," ",TIMETABLE!#REF!,":"," ",TIMETABLE!#REF!," ",TIMETABLE!#REF!) -> #REF! | L60: =CONCATENATE(TIMETABLE!D$6," ","[",TIMETABLE!D$7," ","Students","]"," ",TIMETABLE!D31,":"," ",TIMETABLE!D34," ",TIMETABLE!D33) -> BSME/SEP2020/J-FT [Y2S1 (50) Students] AMA 4203: KARAKACHA FET108 | M60: =CONCATENATE(TIMETABLE!E$6," ","[",TIMETABLE!E$7," ","Students","]"," ",TIMETABLE!E31,":"," ",TIMETABLE!E34," ",TIMETABLE!E33) -> BSME/AUG2021/J-FT [Y1S2 (55) Students] EMC 4122: BENSON FET 107 | N60: =CONCATENATE(TIMETABLE!#REF!," ","[",TIMETABLE!#REF!," ","Students","]"," ",TIMETABLE!#REF!,":"," ",TIMETABLE!#REF!," ",TIMETABLE!#REF!) -> #REF! | O60: =CONCATENATE(TIMETABLE!#REF!," ","[",TIMETABLE!#REF!," ","Students","]"," ",TIMETABLE!#REF!,":"," ",TIMETABLE!#REF!," ",TIMETABLE!#REF!) -> #REF! | P60: =CONCATENATE(TIMETABLE!F$6," ","[",TIMETABLE!F$7," ","Students","]"," ",TIMETABLE!F31,":"," ",TIMETABLE!F34," ",TIMETABLE!F33) -> BTME/SEP2019/S-PT [Y3S1 (10) Students] : | Q60: =CONCATENATE(TIMETABLE!G$6," ","[",TIMETABLE!G$7," ","Students","]"," ",TIMETABLE!G31,":"," ",TIMETABLE!G34," ",TIMETABLE!G33) -> BTME/AUG2021/S-PT [Y2S2 (10) Students] : | R60: =CONCATENATE(TIMETABLE!#REF!," ","[",TIMETABLE!#REF!," ","Students","]"," ",TIMETABLE!#REF!,":"," ",TIMETABLE!#REF!," ",TIMETABLE!#REF!) -> #REF! | S60: =CONCATENATE(TIMETABLE!#REF!," ","[",TIMETABLE!#REF!," ","Students","]"," ",TIMETABLE!#REF!,":"," ",TIMETABLE!#REF!," ",TIMETABLE!#REF!) -> #REF! | T60: =CONCATENATE(TIMETABLE!J$6," ","[",TIMETABLE!J$7," ","Students","]"," ",TIMETABLE!J27,":"," ",TIMETABLE!J30," ",TIMETABLE!J29) -> BTME/AUG2021/J&S-FT [Y1S1 (52) Students] CCI 4101: DR,MVURYA FET 316 | U60: =CONCATENATE(TIMETABLE!#REF!," ","[",TIMETABLE!#REF!," ","Students","]"," ",TIMETABLE!#REF!,":"," ",TIMETABLE!#REF!," ",TIMETABLE!#REF!) -> #REF! | V60: =CONCATENATE(TIMETABLE!#REF!," ","[",TIMETABLE!#REF!," ","Students","]"," ",TIMETABLE!#REF!,":"," ",TIMETABLE!#REF!," ",TIMETABLE!#REF!) -> #REF! | W60: =CONCATENATE(TIMETABLE!#REF!," ","[",TIMETABLE!#REF!," ","Students","]"," ",TIMETABLE!#REF!,":"," ",TIMETABLE!#REF!," ",TIMETABLE!#REF!) -> #REF! | X60: =CONCATENATE(TIMETABLE!#REF!," ","[",TIMETABLE!#REF!," ","Students","]"," ",TIMETABLE!#REF!,":"," ",TIMETABLE!#REF!," ",TIMETABLE!#REF!) -> #REF! | Y60: =CONCATENATE(TIMETABLE!#REF!," ","[",TIMETABLE!#REF!," ","Students","]"," ",TIMETABLE!#REF!,":"," ",TIMETABLE!#REF!," ",TIMETABLE!#REF!) -> #REF! | Z60: =CONCATENATE(TIMETABLE!#REF!," ","[",TIMETABLE!#REF!," ","Students","]"," ",TIMETABLE!#REF!,":"," ",TIMETABLE!#REF!," ",TIMETABLE!#REF!) -> #REF! | AA60: =CONCATENATE(TIMETABLE!#REF!," ","[",TIMETABLE!#REF!," ","Students","]"," ",TIMETABLE!#REF!,":"," ",TIMETABLE!#REF!," ",TIMETABLE!#REF!) -> #REF! | AB60: =CONCATENATE(TIMETABLE!#REF!," ","[",TIMETABLE!#REF!," ","Students","]"," ",TIMETABLE!#REF!,":"," ",TIMETABLE!#REF!," ",TIMETABLE!#REF!) -> #REF! | AC60: =CONCATENATE(TIMETABLE!W$6," ","[",TIMETABLE!W$7," ","Students","]"," ",TIMETABLE!W31,":"," ",TIMETABLE!W34," ",TIMETABLE!W33) -> DMAE/SEP20201J&S-FT [Y1S2 (60) Students] EMR 2129: ALBEITY WT 2 | AD60: =CONCATENATE(TIMETABLE!#REF!," ","[",TIMETABLE!#REF!," ","Students","]"," ",TIMETABLE!#REF!,":"," ",TIMETABLE!#REF!," ",TIMETABLE!#REF!) -> #REF! | AE60: =CONCATENATE(TIMETABLE!#REF!," ","[",TIMETABLE!#REF!," ","Students","]"," ",TIMETABLE!#REF!,":"," ",TIMETABLE!#REF!," ",TIMETABLE!#REF!) -> #REF!
E63: =CONCATENATE(TIMETABLE!#REF!," ","[",TIMETABLE!#REF!," ","Students","]"," ",TIMETABLE!#REF!,":"," ",TIMETABLE!#REF!," ",TIMETABLE!#REF!) -> #REF! | F63: =CONCATENATE(TIMETABLE!#REF!," ","[",TIMETABLE!#REF!," ","Students","]"," ",TIMETABLE!#REF!,":"," ",TIMETABLE!#REF!," ",TIMETABLE!#REF!) -> #REF! | G63: =CONCATENATE(TIMETABLE!#REF!," ","[",TIMETABLE!#REF!," ","Students","]"," ",TIMETABLE!#REF!,":"," ",TIMETABLE!#REF!," ",TIMETABLE!#REF!) -> #REF! | H63: =CONCATENATE(TIMETABLE!#REF!," ","[",TIMETABLE!#REF!," ","Students","]"," ",TIMETABLE!#REF!,":"," ",TIMETABLE!#REF!," ",TIMETABLE!#REF!) -> #REF! | I63: =CONCATENATE(TIMETABLE!#REF!," ","[",TIMETABLE!#REF!," ","Students","]"," ",TIMETABLE!#REF!,":"," ",TIMETABLE!#REF!," ",TIMETABLE!#REF!) -> #REF! | J63: =CONCATENATE(TIMETABLE!#REF!," ","[",TIMETABLE!#REF!," ","Students","]"," ",TIMETABLE!#REF!,":"," ",TIMETABLE!#REF!," ",TIMETABLE!#REF!) -> #REF! | K63: =CONCATENATE(TIMETABLE!#REF!," ","[",TIMETABLE!#REF!," ","Students","]"," ",TIMETABLE!#REF!,":"," ",TIMETABLE!#REF!," ",TIMETABLE!#REF!) -> #REF! | L63: =CONCATENATE(TIMETABLE!D$6," ","[",TIMETABLE!D$7," ","Students","]"," ",TIMETABLE!#REF!,":"," ",TIMETABLE!#REF!," ",TIMETABLE!#REF!) -> #REF! | M63: =CONCATENATE(TIMETABLE!E$6," ","[",TIMETABLE!E$7," ","Students","]"," ",TIMETABLE!#REF!,":"," ",TIMETABLE!#REF!," ",TIMETABLE!#REF!) -> #REF! | N63: =CONCATENATE(TIMETABLE!#REF!," ","[",TIMETABLE!#REF!," ","Students","]"," ",TIMETABLE!#REF!,":"," ",TIMETABLE!#REF!," ",TIMETABLE!#REF!) -> #REF! | O63: =CONCATENATE(TIMETABLE!#REF!," ","[",TIMETABLE!#REF!," ","Students","]"," ",TIMETABLE!#REF!,":"," ",TIMETABLE!#REF!," ",TIMETABLE!#REF!) -> #REF! | P63: =CONCATENATE(TIMETABLE!F$6," ","[",TIMETABLE!F$7," ","Students","]"," ",TIMETABLE!#REF!,":"," ",TIMETABLE!#REF!," ",TIMETABLE!#REF!) -> #REF! | Q63: =CONCATENATE(TIMETABLE!G$6," ","[",TIMETABLE!G$7," ","Students","]"," ",TIMETABLE!#REF!,":"," ",TIMETABLE!#REF!," ",TIMETABLE!#REF!) -> #REF! | R63: =CONCATENATE(TIMETABLE!#REF!," ","[",TIMETABLE!#REF!," ","Students","]"," ",TIMETABLE!#REF!,":"," ",TIMETABLE!#REF!," ",TIMETABLE!#REF!) -> #REF! | S63: =CONCATENATE(TIMETABLE!#REF!," ","[",TIMETABLE!#REF!," ","Students","]"," ",TIMETABLE!#REF!,":"," ",TIMETABLE!#REF!," ",TIMETABLE!#REF!) -> #REF! | T63: =CONCATENATE(TIMETABLE!J$6," ","[",TIMETABLE!J$7," ","Students","]"," ",TIMETABLE!#REF!,":"," ",TIMETABLE!#REF!," ",TIMETABLE!#REF!) -> #REF! | U63: =CONCATENATE(TIMETABLE!#REF!," ","[",TIMETABLE!#REF!," ","Students","]"," ",TIMETABLE!#REF!,":"," ",TIMETABLE!#REF!," ",TIMETABLE!#REF!) -> #REF! | V63: =CONCATENATE(TIMETABLE!#REF!," ","[",TIMETABLE!#REF!," ","Students","]"," ",TIMETABLE!#REF!,":"," ",TIMETABLE!#REF!," ",TIMETABLE!#REF!) -> #REF! | W63: =CONCATENATE(TIMETABLE!#REF!," ","[",TIMETABLE!#REF!," ","Students","]"," ",TIMETABLE!#REF!,":"," ",TIMETABLE!#REF!," ",TIMETABLE!#REF!) -> #REF! | X63: =CONCATENATE(TIMETABLE!#REF!," ","[",TIMETABLE!#REF!," ","Students","]"," ",TIMETABLE!#REF!,":"," ",TIMETABLE!#REF!," ",TIMETABLE!#REF!) -> #REF! | Y63: =CONCATENATE(TIMETABLE!#REF!," ","[",TIMETABLE!#REF!," ","Students","]"," ",TIMETABLE!#REF!,":"," ",TIMETABLE!#REF!," ",TIMETABLE!#REF!) -> #REF! | Z63: =CONCATENATE(TIMETABLE!#REF!," ","[",TIMETABLE!#REF!," ","Students","]"," ",TIMETABLE!#REF!,":"," ",TIMETABLE!#REF!," ",TIMETABLE!#REF!) -> #REF! | AA63: =CONCATENATE(TIMETABLE!#REF!," ","[",TIMETABLE!#REF!," ","Students","]"," ",TIMETABLE!#REF!,":"," ",TIMETABLE!#REF!," ",TIMETABLE!#REF!) -> #REF! | AB63: =CONCATENATE(TIMETABLE!#REF!," ","[",TIMETABLE!#REF!," ","Students","]"," ",TIMETABLE!#REF!,":"," ",TIMETABLE!#REF!," ",TIMETABLE!#REF!) -> #REF! | AC63: =CONCATENATE(TIMETABLE!W$6," ","[",TIMETABLE!W$7," ","Students","]"," ",TIMETABLE!#REF!,":"," ",TIMETABLE!#REF!," ",TIMETABLE!#REF!) -> #REF! | AD63: =CONCATENATE(TIMETABLE!#REF!," ","[",TIMETABLE!#REF!," ","Students","]"," ",TIMETABLE!#REF!,":"," ",TIMETABLE!#REF!," ",TIMETABLE!#REF!) -> #REF! | AE63: =CONCATENATE(TIMETABLE!#REF!," ","[",TIMETABLE!#REF!," ","Students","]"," ",TIMETABLE!#REF!,":"," ",TIMETABLE!#REF!," ",TIMETABLE!#REF!) -> #REF!
E66: =CONCATENATE(TIMETABLE!#REF!," ","[",TIMETABLE!#REF!," ","Students","]"," ",TIMETABLE!#REF!,":"," ",TIMETABLE!#REF!," ",TIMETABLE!#REF!) -> #REF! | F66: =CONCATENATE(TIMETABLE!#REF!," ","[",TIMETABLE!#REF!," ","Students","]"," ",TIMETABLE!#REF!,":"," ",TIMETABLE!#REF!," ",TIMETABLE!#REF!) -> #REF! | G66: =CONCATENATE(TIMETABLE!#REF!," ","[",TIMETABLE!#REF!," ","Students","]"," ",TIMETABLE!#REF!,":"," ",TIMETABLE!#REF!," ",TIMETABLE!#REF!) -> #REF! | H66: =CONCATENATE(TIMETABLE!#REF!," ","[",TIMETABLE!#REF!," ","Students","]"," ",TIMETABLE!#REF!,":"," ",TIMETABLE!#REF!," ",TIMETABLE!#REF!) -> #REF! | I66: =CONCATENATE(TIMETABLE!#REF!," ","[",TIMETABLE!#REF!," ","Students","]"," ",TIMETABLE!#REF!,":"," ",TIMETABLE!#REF!," ",TIMETABLE!#REF!) -> #REF! | J66: =CONCATENATE(TIMETABLE!#REF!," ","[",TIMETABLE!#REF!," ","Students","]"," ",TIMETABLE!#REF!,":"," ",TIMETABLE!#REF!," ",TIMETABLE!#REF!) -> #REF! | K66: =CONCATENATE(TIMETABLE!#REF!," ","[",TIMETABLE!#REF!," ","Students","]"," ",TIMETABLE!#REF!,":"," ",TIMETABLE!#REF!," ",TIMETABLE!#REF!) -> #REF! | L66: =CONCATENATE(TIMETABLE!D$6," ","[",TIMETABLE!D$7," ","Students","]"," ",TIMETABLE!#REF!,":"," ",TIMETABLE!#REF!," ",TIMETABLE!#REF!) -> #REF! | M66: =CONCATENATE(TIMETABLE!E$6," ","[",TIMETABLE!E$7," ","Students","]"," ",TIMETABLE!#REF!,":"," ",TIMETABLE!#REF!," ",TIMETABLE!#REF!) -> #REF! | N66: =CONCATENATE(TIMETABLE!#REF!," ","[",TIMETABLE!#REF!," ","Students","]"," ",TIMETABLE!#REF!,":"," ",TIMETABLE!#REF!," ",TIMETABLE!#REF!) -> #REF! | O66: =CONCATENATE(TIMETABLE!#REF!," ","[",TIMETABLE!#REF!," ","Students","]"," ",TIMETABLE!#REF!,":"," ",TIMETABLE!#REF!," ",TIMETABLE!#REF!) -> #REF! | P66: =CONCATENATE(TIMETABLE!F$6," ","[",TIMETABLE!F$7," ","Students","]"," ",TIMETABLE!#REF!,":"," ",TIMETABLE!#REF!," ",TIMETABLE!#REF!) -> #REF! | Q66: =CONCATENATE(TIMETABLE!G$6," ","[",TIMETABLE!G$7," ","Students","]"," ",TIMETABLE!#REF!,":"," ",TIMETABLE!#REF!," ",TIMETABLE!#REF!) -> #REF! | R66: =CONCATENATE(TIMETABLE!#REF!," ","[",TIMETABLE!#REF!," ","Students","]"," ",TIMETABLE!#REF!,":"," ",TIMETABLE!#REF!," ",TIMETABLE!#REF!) -> #REF! | S66: =CONCATENATE(TIMETABLE!#REF!," ","[",TIMETABLE!#REF!," ","Students","]"," ",TIMETABLE!#REF!,":"," ",TIMETABLE!#REF!," ",TIMETABLE!#REF!) -> #REF! | T66: =CONCATENATE(TIMETABLE!J$6," ","[",TIMETABLE!J$7," ","Students","]"," ",TIMETABLE!#REF!,":"," ",TIMETABLE!#REF!," ",TIMETABLE!#REF!) -> #REF! | U66: =CONCATENATE(TIMETABLE!#REF!," ","[",TIMETABLE!#REF!," ","Students","]"," ",TIMETABLE!#REF!,":"," ",TIMETABLE!#REF!," ",TIMETABLE!#REF!) -> #REF! | V66: =CONCATENATE(TIMETABLE!#REF!," ","[",TIMETABLE!#REF!," ","Students","]"," ",TIMETABLE!#REF!,":"," ",TIMETABLE!#REF!," ",TIMETABLE!#REF!) -> #REF! | W66: =CONCATENATE(TIMETABLE!#REF!," ","[",TIMETABLE!#REF!," ","Students","]"," ",TIMETABLE!#REF!,":"," ",TIMETABLE!#REF!," ",TIMETABLE!#REF!) -> #REF! | X66: =CONCATENATE(TIMETABLE!#REF!," ","[",TIMETABLE!#REF!," ","Students","]"," ",TIMETABLE!#REF!,":"," ",TIMETABLE!#REF!," ",TIMETABLE!#REF!) -> #REF! | Y66: =CONCATENATE(TIMETABLE!#REF!," ","[",TIMETABLE!#REF!," ","Students","]"," ",TIMETABLE!#REF!,":"," ",TIMETABLE!#REF!," ",TIMETABLE!#REF!) -> #REF! | Z66: =CONCATENATE(TIMETABLE!#REF!," ","[",TIMETABLE!#REF!," ","Students","]"," ",TIMETABLE!#REF!,":"," ",TIMETABLE!#REF!," ",TIMETABLE!#REF!) -> #REF! | AA66: =CONCATENATE(TIMETABLE!#REF!," ","[",TIMETABLE!#REF!," ","Students","]"," ",TIMETABLE!#REF!,":"," ",TIMETABLE!#REF!," ",TIMETABLE!#REF!) -> #REF! | AB66: =CONCATENATE(TIMETABLE!#REF!," ","[",TIMETABLE!#REF!," ","Students","]"," ",TIMETABLE!#REF!,":"," ",TIMETABLE!#REF!," ",TIMETABLE!#REF!) -> #REF! | AC66: =CONCATENATE(TIMETABLE!W$6," ","[",TIMETABLE!W$7," ","Students","]"," ",TIMETABLE!#REF!,":"," ",TIMETABLE!#REF!," ",TIMETABLE!#REF!) -> #REF! | AD66: =CONCATENATE(TIMETABLE!#REF!," ","[",TIMETABLE!#REF!," ","Students","]"," ",TIMETABLE!#REF!,":"," ",TIMETABLE!#REF!," ",TIMETABLE!#REF!) -> #REF! | AE66: =CONCATENATE(TIMETABLE!#REF!," ","[",TIMETABLE!#REF!," ","Students","]"," ",TIMETABLE!#REF!,":"," ",TIMETABLE!#REF!," ",TIMETABLE!#REF!) -> #REF!
E69: =CONCATENATE(TIMETABLE!#REF!," ","[",TIMETABLE!#REF!," ","Students","]"," ",TIMETABLE!#REF!,":"," ",TIMETABLE!#REF!," ",TIMETABLE!#REF!) -> #REF! | F69: =CONCATENATE(TIMETABLE!#REF!," ","[",TIMETABLE!#REF!," ","Students","]"," ",TIMETABLE!#REF!,":"," ",TIMETABLE!#REF!," ",TIMETABLE!#REF!) -> #REF! | G69: =CONCATENATE(TIMETABLE!#REF!," ","[",TIMETABLE!#REF!," ","Students","]"," ",TIMETABLE!#REF!,":"," ",TIMETABLE!#REF!," ",TIMETABLE!#REF!) -> #REF! | H69: =CONCATENATE(TIMETABLE!#REF!," ","[",TIMETABLE!#REF!," ","Students","]"," ",TIMETABLE!#REF!,":"," ",TIMETABLE!#REF!," ",TIMETABLE!#REF!) -> #REF! | I69: =CONCATENATE(TIMETABLE!#REF!," ","[",TIMETABLE!#REF!," ","Students","]"," ",TIMETABLE!#REF!,":"," ",TIMETABLE!#REF!," ",TIMETABLE!#REF!) -> #REF! | J69: =CONCATENATE(TIMETABLE!#REF!," ","[",TIMETABLE!#REF!," ","Students","]"," ",TIMETABLE!#REF!,":"," ",TIMETABLE!#REF!," ",TIMETABLE!#REF!) -> #REF! | K69: =CONCATENATE(TIMETABLE!#REF!," ","[",TIMETABLE!#REF!," ","Students","]"," ",TIMETABLE!#REF!,":"," ",TIMETABLE!#REF!," ",TIMETABLE!#REF!) -> #REF! | L69: =CONCATENATE(TIMETABLE!D$6," ","[",TIMETABLE!D$7," ","Students","]"," ",TIMETABLE!D35,":"," ",TIMETABLE!D37," ",TIMETABLE!D36) -> BSME/SEP2020/J-FT [Y2S1 (50) Students] : | M69: =CONCATENATE(TIMETABLE!E$6," ","[",TIMETABLE!E$7," ","Students","]"," ",TIMETABLE!E35,":"," ",TIMETABLE!E37," ",TIMETABLE!E36) -> BSME/AUG2021/J-FT [Y1S2 (55) Students] : | N69: =CONCATENATE(TIMETABLE!#REF!," ","[",TIMETABLE!#REF!," ","Students","]"," ",TIMETABLE!#REF!,":"," ",TIMETABLE!#REF!," ",TIMETABLE!#REF!) -> #REF! | O69: =CONCATENATE(TIMETABLE!#REF!," ","[",TIMETABLE!#REF!," ","Students","]"," ",TIMETABLE!#REF!,":"," ",TIMETABLE!#REF!," ",TIMETABLE!#REF!) -> #REF! | P69: =CONCATENATE(TIMETABLE!F$6," ","[",TIMETABLE!F$7," ","Students","]"," ",TIMETABLE!F35,":"," ",TIMETABLE!F37," ",TIMETABLE!F36) -> BTME/SEP2019/S-PT [Y3S1 (10) Students] : | Q69: =CONCATENATE(TIMETABLE!G$6," ","[",TIMETABLE!G$7," ","Students","]"," ",TIMETABLE!G35,":"," ",TIMETABLE!G37," ",TIMETABLE!G36) -> BTME/AUG2021/S-PT [Y2S2 (10) Students] : | R69: =CONCATENATE(TIMETABLE!#REF!," ","[",TIMETABLE!#REF!," ","Students","]"," ",TIMETABLE!#REF!,":"," ",TIMETABLE!#REF!," ",TIMETABLE!#REF!) -> #REF! | S69: =CONCATENATE(TIMETABLE!#REF!," ","[",TIMETABLE!#REF!," ","Students","]"," ",TIMETABLE!#REF!,":"," ",TIMETABLE!#REF!," ",TIMETABLE!#REF!) -> #REF! | T69: =CONCATENATE(TIMETABLE!J$6," ","[",TIMETABLE!J$7," ","Students","]"," ",TIMETABLE!J35,":"," ",TIMETABLE!J37," ",TIMETABLE!J36) -> BTME/AUG2021/J&S-FT [Y1S1 (52) Students] : | U69: =CONCATENATE(TIMETABLE!#REF!," ","[",TIMETABLE!#REF!," ","Students","]"," ",TIMETABLE!#REF!,":"," ",TIMETABLE!#REF!," ",TIMETABLE!#REF!) -> #REF! | V69: =CONCATENATE(TIMETABLE!#REF!," ","[",TIMETABLE!#REF!," ","Students","]"," ",TIMETABLE!#REF!,":"," ",TIMETABLE!#REF!," ",TIMETABLE!#REF!) -> #REF! | W69: =CONCATENATE(TIMETABLE!#REF!," ","[",TIMETABLE!#REF!," ","Students","]"," ",TIMETABLE!#REF!,":"," ",TIMETABLE!#REF!," ",TIMETABLE!#REF!) -> #REF! | X69: =CONCATENATE(TIMETABLE!#REF!," ","[",TIMETABLE!#REF!," ","Students","]"," ",TIMETABLE!#REF!,":"," ",TIMETABLE!#REF!," ",TIMETABLE!#REF!) -> #REF! | Y69: =CONCATENATE(TIMETABLE!#REF!," ","[",TIMETABLE!#REF!," ","Students","]"," ",TIMETABLE!#REF!,":"," ",TIMETABLE!#REF!," ",TIMETABLE!#REF!) -> #REF! | Z69: =CONCATENATE(TIMETABLE!#REF!," ","[",TIMETABLE!#REF!," ","Students","]"," ",TIMETABLE!#REF!,":"," ",TIMETABLE!#REF!," ",TIMETABLE!#REF!) -> #REF! | AA69: =CONCATENATE(TIMETABLE!#REF!," ","[",TIMETABLE!#REF!," ","Students","]"," ",TIMETABLE!#REF!,":"," ",TIMETABLE!#REF!," ",TIMETABLE!#REF!) -> #REF! | AB69: =CONCATENATE(TIMETABLE!#REF!," ","[",TIMETABLE!#REF!," ","Students","]"," ",TIMETABLE!#REF!,":"," ",TIMETABLE!#REF!," ",TIMETABLE!#REF!) -> #REF! | AC69: =CONCATENATE(TIMETABLE!W$6," ","[",TIMETABLE!W$7," ","Students","]"," ",TIMETABLE!W35,":"," ",TIMETABLE!W37," ",TIMETABLE!W36) -> DMAE/SEP20201J&S-FT [Y1S2 (60) Students] : | AD69: =CONCATENATE(TIMETABLE!#REF!," ","[",TIMETABLE!#REF!," ","Students","]"," ",TIMETABLE!#REF!,":"," ",TIMETABLE!#REF!," ",TIMETABLE!#REF!) -> #REF! | AE69: =CONCATENATE(TIMETABLE!#REF!," ","[",TIMETABLE!#REF!," ","Students","]"," ",TIMETABLE!#REF!,":"," ",TIMETABLE!#REF!," ",TIMETABLE!#REF!) -> #REF!
E72: =CONCATENATE(TIMETABLE!#REF!," ","[",TIMETABLE!#REF!," ","Students","]"," ",TIMETABLE!#REF!,":"," ",TIMETABLE!#REF!," ",TIMETABLE!#REF!) -> #REF! | F72: =CONCATENATE(TIMETABLE!#REF!," ","[",TIMETABLE!#REF!," ","Students","]"," ",TIMETABLE!#REF!,":"," ",TIMETABLE!#REF!," ",TIMETABLE!#REF!) -> #REF! | G72: =CONCATENATE(TIMETABLE!#REF!," ","[",TIMETABLE!#REF!," ","Students","]"," ",TIMETABLE!#REF!,":"," ",TIMETABLE!#REF!," ",TIMETABLE!#REF!) -> #REF! | H72: =CONCATENATE(TIMETABLE!#REF!," ","[",TIMETABLE!#REF!," ","Students","]"," ",TIMETABLE!#REF!,":"," ",TIMETABLE!#REF!," ",TIMETABLE!#REF!) -> #REF! | I72: =CONCATENATE(TIMETABLE!#REF!," ","[",TIMETABLE!#REF!," ","Students","]"," ",TIMETABLE!#REF!,":"," ",TIMETABLE!#REF!," ",TIMETABLE!#REF!) -> #REF! | J72: =CONCATENATE(TIMETABLE!#REF!," ","[",TIMETABLE!#REF!," ","Students","]"," ",TIMETABLE!#REF!,":"," ",TIMETABLE!#REF!," ",TIMETABLE!#REF!) -> #REF! | K72: =CONCATENATE(TIMETABLE!#REF!," ","[",TIMETABLE!#REF!," ","Students","]"," ",TIMETABLE!#REF!,":"," ",TIMETABLE!#REF!," ",TIMETABLE!#REF!) -> #REF! | L72: =CONCATENATE(TIMETABLE!D$6," ","[",TIMETABLE!D$7," ","Students","]"," ",TIMETABLE!#REF!,":"," ",TIMETABLE!#REF!," ",TIMETABLE!#REF!) -> #REF! | M72: =CONCATENATE(TIMETABLE!E$6," ","[",TIMETABLE!E$7," ","Students","]"," ",TIMETABLE!E38,":"," ",TIMETABLE!E41," ",TIMETABLE!E40) -> BSME/AUG2021/J-FT [Y1S2 (55) Students] : | N72: =CONCATENATE(TIMETABLE!#REF!," ","[",TIMETABLE!#REF!," ","Students","]"," ",TIMETABLE!#REF!,":"," ",TIMETABLE!#REF!," ",TIMETABLE!#REF!) -> #REF! | O72: =CONCATENATE(TIMETABLE!#REF!," ","[",TIMETABLE!#REF!," ","Students","]"," ",TIMETABLE!#REF!,":"," ",TIMETABLE!#REF!," ",TIMETABLE!#REF!) -> #REF! | P72: =CONCATENATE(TIMETABLE!F$6," ","[",TIMETABLE!F$7," ","Students","]"," ",TIMETABLE!F38,":"," ",TIMETABLE!F41," ",TIMETABLE!F40) -> BTME/SEP2019/S-PT [Y3S1 (10) Students] : | Q72: =CONCATENATE(TIMETABLE!G$6," ","[",TIMETABLE!G$7," ","Students","]"," ",TIMETABLE!G38,":"," ",TIMETABLE!G41," ",TIMETABLE!G40) -> BTME/AUG2021/S-PT [Y2S2 (10) Students] : | R72: =CONCATENATE(TIMETABLE!#REF!," ","[",TIMETABLE!#REF!," ","Students","]"," ",TIMETABLE!#REF!,":"," ",TIMETABLE!#REF!," ",TIMETABLE!#REF!) -> #REF! | S72: =CONCATENATE(TIMETABLE!#REF!," ","[",TIMETABLE!#REF!," ","Students","]"," ",TIMETABLE!#REF!,":"," ",TIMETABLE!#REF!," ",TIMETABLE!#REF!) -> #REF! | T72: =CONCATENATE(TIMETABLE!J$6," ","[",TIMETABLE!J$7," ","Students","]"," ",TIMETABLE!J38,":"," ",TIMETABLE!J41," ",TIMETABLE!J40) -> BTME/AUG2021/J&S-FT [Y1S1 (52) Students] : | U72: =CONCATENATE(TIMETABLE!#REF!," ","[",TIMETABLE!#REF!," ","Students","]"," ",TIMETABLE!#REF!,":"," ",TIMETABLE!#REF!," ",TIMETABLE!#REF!) -> #REF! | V72: =CONCATENATE(TIMETABLE!#REF!," ","[",TIMETABLE!#REF!," ","Students","]"," ",TIMETABLE!#REF!,":"," ",TIMETABLE!#REF!," ",TIMETABLE!#REF!) -> #REF! | W72: =CONCATENATE(TIMETABLE!#REF!," ","[",TIMETABLE!#REF!," ","Students","]"," ",TIMETABLE!#REF!,":"," ",TIMETABLE!#REF!," ",TIMETABLE!#REF!) -> #REF! | X72: =CONCATENATE(TIMETABLE!#REF!," ","[",TIMETABLE!#REF!," ","Students","]"," ",TIMETABLE!#REF!,":"," ",TIMETABLE!#REF!," ",TIMETABLE!#REF!) -> #REF! | Y72: =CONCATENATE(TIMETABLE!#REF!," ","[",TIMETABLE!#REF!," ","Students","]"," ",TIMETABLE!#REF!,":"," ",TIMETABLE!#REF!," ",TIMETABLE!#REF!) -> #REF! | Z72: =CONCATENATE(TIMETABLE!#REF!," ","[",TIMETABLE!#REF!," ","Students","]"," ",TIMETABLE!#REF!,":"," ",TIMETABLE!#REF!," ",TIMETABLE!#REF!) -> #REF! | AA72: =CONCATENATE(TIMETABLE!#REF!," ","[",TIMETABLE!#REF!," ","Students","]"," ",TIMETABLE!#REF!,":"," ",TIMETABLE!#REF!," ",TIMETABLE!#REF!) -> #REF! | AB72: =CONCATENATE(TIMETABLE!#REF!," ","[",TIMETABLE!#REF!," ","Students","]"," ",TIMETABLE!#REF!,":"," ",TIMETABLE!#REF!," ",TIMETABLE!#REF!) -> #REF! | AC72: =CONCATENATE(TIMETABLE!W$6," ","[",TIMETABLE!W$7," ","Students","]"," ",TIMETABLE!W38,":"," ",TIMETABLE!W41," ",TIMETABLE!W40) -> DMAE/SEP20201J&S-FT [Y1S2 (60) Students] EMR 2120: ABDILLAHI MB 01 | AD72: =CONCATENATE(TIMETABLE!#REF!," ","[",TIMETABLE!#REF!," ","Students","]"," ",TIMETABLE!#REF!,":"," ",TIMETABLE!#REF!," ",TIMETABLE!#REF!) -> #REF! | AE72: =CONCATENATE(TIMETABLE!#REF!," ","[",TIMETABLE!#REF!," ","Students","]"," ",TIMETABLE!#REF!,":"," ",TIMETABLE!#REF!," ",TIMETABLE!#REF!) -> #REF!
E75: =CONCATENATE(TIMETABLE!#REF!," ","[",TIMETABLE!#REF!," ","Students","]"," ",TIMETABLE!#REF!,":"," ",TIMETABLE!#REF!," ",TIMETABLE!#REF!) -> #REF! | F75: =CONCATENATE(TIMETABLE!#REF!," ","[",TIMETABLE!#REF!," ","Students","]"," ",TIMETABLE!#REF!,":"," ",TIMETABLE!#REF!," ",TIMETABLE!#REF!) -> #REF! | G75: =CONCATENATE(TIMETABLE!#REF!," ","[",TIMETABLE!#REF!," ","Students","]"," ",TIMETABLE!#REF!,":"," ",TIMETABLE!#REF!," ",TIMETABLE!#REF!) -> #REF! | H75: =CONCATENATE(TIMETABLE!#REF!," ","[",TIMETABLE!#REF!," ","Students","]"," ",TIMETABLE!#REF!,":"," ",TIMETABLE!#REF!," ",TIMETABLE!#REF!) -> #REF! | I75: =CONCATENATE(TIMETABLE!#REF!," ","[",TIMETABLE!#REF!," ","Students","]"," ",TIMETABLE!#REF!,":"," ",TIMETABLE!#REF!," ",TIMETABLE!#REF!) -> #REF! | J75: =CONCATENATE(TIMETABLE!#REF!," ","[",TIMETABLE!#REF!," ","Students","]"," ",TIMETABLE!#REF!,":"," ",TIMETABLE!#REF!," ",TIMETABLE!#REF!) -> #REF! | K75: =CONCATENATE(TIMETABLE!#REF!," ","[",TIMETABLE!#REF!," ","Students","]"," ",TIMETABLE!#REF!,":"," ",TIMETABLE!#REF!," ",TIMETABLE!#REF!) -> #REF! | L75: =CONCATENATE(TIMETABLE!D$6," ","[",TIMETABLE!D$7," ","Students","]"," ",TIMETABLE!#REF!,":"," ",TIMETABLE!#REF!," ",TIMETABLE!#REF!) -> #REF! | M75: =CONCATENATE(TIMETABLE!E$6," ","[",TIMETABLE!E$7," ","Students","]"," ",TIMETABLE!#REF!,":"," ",TIMETABLE!#REF!," ",TIMETABLE!#REF!) -> #REF! | N75: =CONCATENATE(TIMETABLE!#REF!," ","[",TIMETABLE!#REF!," ","Students","]"," ",TIMETABLE!#REF!,":"," ",TIMETABLE!#REF!," ",TIMETABLE!#REF!) -> #REF! | O75: =CONCATENATE(TIMETABLE!#REF!," ","[",TIMETABLE!#REF!," ","Students","]"," ",TIMETABLE!#REF!,":"," ",TIMETABLE!#REF!," ",TIMETABLE!#REF!) -> #REF! | P75: =CONCATENATE(TIMETABLE!F$6," ","[",TIMETABLE!F$7," ","Students","]"," ",TIMETABLE!#REF!,":"," ",TIMETABLE!#REF!," ",TIMETABLE!#REF!) -> #REF! | Q75: =CONCATENATE(TIMETABLE!G$6," ","[",TIMETABLE!G$7," ","Students","]"," ",TIMETABLE!#REF!,":"," ",TIMETABLE!#REF!," ",TIMETABLE!#REF!) -> #REF! | R75: =CONCATENATE(TIMETABLE!#REF!," ","[",TIMETABLE!#REF!," ","Students","]"," ",TIMETABLE!#REF!,":"," ",TIMETABLE!#REF!," ",TIMETABLE!#REF!) -> #REF! | S75: =CONCATENATE(TIMETABLE!#REF!," ","[",TIMETABLE!#REF!," ","Students","]"," ",TIMETABLE!#REF!,":"," ",TIMETABLE!#REF!," ",TIMETABLE!#REF!) -> #REF! | T75: =CONCATENATE(TIMETABLE!J$6," ","[",TIMETABLE!J$7," ","Students","]"," ",TIMETABLE!#REF!,":"," ",TIMETABLE!#REF!," ",TIMETABLE!#REF!) -> #REF! | U75: =CONCATENATE(TIMETABLE!#REF!," ","[",TIMETABLE!#REF!," ","Students","]"," ",TIMETABLE!#REF!,":"," ",TIMETABLE!#REF!," ",TIMETABLE!#REF!) -> #REF! | V75: =CONCATENATE(TIMETABLE!#REF!," ","[",TIMETABLE!#REF!," ","Students","]"," ",TIMETABLE!#REF!,":"," ",TIMETABLE!#REF!," ",TIMETABLE!#REF!) -> #REF! | W75: =CONCATENATE(TIMETABLE!#REF!," ","[",TIMETABLE!#REF!," ","Students","]"," ",TIMETABLE!#REF!,":"," ",TIMETABLE!#REF!," ",TIMETABLE!#REF!) -> #REF! | X75: =CONCATENATE(TIMETABLE!#REF!," ","[",TIMETABLE!#REF!," ","Students","]"," ",TIMETABLE!#REF!,":"," ",TIMETABLE!#REF!," ",TIMETABLE!#REF!) -> #REF! | Y75: =CONCATENATE(TIMETABLE!#REF!," ","[",TIMETABLE!#REF!," ","Students","]"," ",TIMETABLE!#REF!,":"," ",TIMETABLE!#REF!," ",TIMETABLE!#REF!) -> #REF! | Z75: =CONCATENATE(TIMETABLE!#REF!," ","[",TIMETABLE!#REF!," ","Students","]"," ",TIMETABLE!#REF!,":"," ",TIMETABLE!#REF!," ",TIMETABLE!#REF!) -> #REF! | AA75: =CONCATENATE(TIMETABLE!#REF!," ","[",TIMETABLE!#REF!," ","Students","]"," ",TIMETABLE!#REF!,":"," ",TIMETABLE!#REF!," ",TIMETABLE!#REF!) -> #REF! | AB75: =CONCATENATE(TIMETABLE!#REF!," ","[",TIMETABLE!#REF!," ","Students","]"," ",TIMETABLE!#REF!,":"," ",TIMETABLE!#REF!," ",TIMETABLE!#REF!) -> #REF! | AC75: =CONCATENATE(TIMETABLE!W$6," ","[",TIMETABLE!W$7," ","Students","]"," ",TIMETABLE!#REF!,":"," ",TIMETABLE!#REF!," ",TIMETABLE!#REF!) -> #REF! | AD75: =CONCATENATE(TIMETABLE!#REF!," ","[",TIMETABLE!#REF!," ","Students","]"," ",TIMETABLE!#REF!,":"," ",TIMETABLE!#REF!," ",TIMETABLE!#REF!) -> #REF! | AE75: =CONCATENATE(TIMETABLE!#REF!," ","[",TIMETABLE!#REF!," ","Students","]"," ",TIMETABLE!#REF!,":"," ",TIMETABLE!#REF!," ",TIMETABLE!#REF!) -> #REF!
E78: =CONCATENATE(TIMETABLE!#REF!," ","[",TIMETABLE!#REF!," ","Students","]"," ",TIMETABLE!#REF!,":"," ",TIMETABLE!#REF!," ",TIMETABLE!#REF!) -> #REF! | F78: =CONCATENATE(TIMETABLE!#REF!," ","[",TIMETABLE!#REF!," ","Students","]"," ",TIMETABLE!#REF!,":"," ",TIMETABLE!#REF!," ",TIMETABLE!#REF!) -> #REF! | G78: =CONCATENATE(TIMETABLE!#REF!," ","[",TIMETABLE!#REF!," ","Students","]"," ",TIMETABLE!#REF!,":"," ",TIMETABLE!#REF!," ",TIMETABLE!#REF!) -> #REF! | H78: =CONCATENATE(TIMETABLE!#REF!," ","[",TIMETABLE!#REF!," ","Students","]"," ",TIMETABLE!#REF!,":"," ",TIMETABLE!#REF!," ",TIMETABLE!#REF!) -> #REF! | I78: =CONCATENATE(TIMETABLE!#REF!," ","[",TIMETABLE!#REF!," ","Students","]"," ",TIMETABLE!#REF!,":"," ",TIMETABLE!#REF!," ",TIMETABLE!#REF!) -> #REF! | J78: =CONCATENATE(TIMETABLE!#REF!," ","[",TIMETABLE!#REF!," ","Students","]"," ",TIMETABLE!#REF!,":"," ",TIMETABLE!#REF!," ",TIMETABLE!#REF!) -> #REF! | K78: =CONCATENATE(TIMETABLE!#REF!," ","[",TIMETABLE!#REF!," ","Students","]"," ",TIMETABLE!#REF!,":"," ",TIMETABLE!#REF!," ",TIMETABLE!#REF!) -> #REF! | L78: =CONCATENATE(TIMETABLE!D$6," ","[",TIMETABLE!D$7," ","Students","]"," ",TIMETABLE!#REF!,":"," ",TIMETABLE!#REF!," ",TIMETABLE!#REF!) -> #REF! | M78: =CONCATENATE(TIMETABLE!E$6," ","[",TIMETABLE!E$7," ","Students","]"," ",TIMETABLE!#REF!,":"," ",TIMETABLE!#REF!," ",TIMETABLE!#REF!) -> #REF! | N78: =CONCATENATE(TIMETABLE!#REF!," ","[",TIMETABLE!#REF!," ","Students","]"," ",TIMETABLE!#REF!,":"," ",TIMETABLE!#REF!," ",TIMETABLE!#REF!) -> #REF! | O78: =CONCATENATE(TIMETABLE!#REF!," ","[",TIMETABLE!#REF!," ","Students","]"," ",TIMETABLE!#REF!,":"," ",TIMETABLE!#REF!," ",TIMETABLE!#REF!) -> #REF! | P78: =CONCATENATE(TIMETABLE!F$6," ","[",TIMETABLE!F$7," ","Students","]"," ",TIMETABLE!#REF!,":"," ",TIMETABLE!#REF!," ",TIMETABLE!#REF!) -> #REF! | Q78: =CONCATENATE(TIMETABLE!G$6," ","[",TIMETABLE!G$7," ","Students","]"," ",TIMETABLE!#REF!,":"," ",TIMETABLE!#REF!," ",TIMETABLE!#REF!) -> #REF! | R78: =CONCATENATE(TIMETABLE!#REF!," ","[",TIMETABLE!#REF!," ","Students","]"," ",TIMETABLE!#REF!,":"," ",TIMETABLE!#REF!," ",TIMETABLE!#REF!) -> #REF! | S78: =CONCATENATE(TIMETABLE!#REF!," ","[",TIMETABLE!#REF!," ","Students","]"," ",TIMETABLE!#REF!,":"," ",TIMETABLE!#REF!," ",TIMETABLE!#REF!) -> #REF! | T78: =CONCATENATE(TIMETABLE!J$6," ","[",TIMETABLE!J$7," ","Students","]"," ",TIMETABLE!#REF!,":"," ",TIMETABLE!#REF!," ",TIMETABLE!#REF!) -> #REF! | U78: =CONCATENATE(TIMETABLE!#REF!," ","[",TIMETABLE!#REF!," ","Students","]"," ",TIMETABLE!#REF!,":"," ",TIMETABLE!#REF!," ",TIMETABLE!#REF!) -> #REF! | V78: =CONCATENATE(TIMETABLE!#REF!," ","[",TIMETABLE!#REF!," ","Students","]"," ",TIMETABLE!#REF!,":"," ",TIMETABLE!#REF!," ",TIMETABLE!#REF!) -> #REF! | W78: =CONCATENATE(TIMETABLE!#REF!," ","[",TIMETABLE!#REF!," ","Students","]"," ",TIMETABLE!#REF!,":"," ",TIMETABLE!#REF!," ",TIMETABLE!#REF!) -> #REF! | X78: =CONCATENATE(TIMETABLE!#REF!," ","[",TIMETABLE!#REF!," ","Students","]"," ",TIMETABLE!#REF!,":"," ",TIMETABLE!#REF!," ",TIMETABLE!#REF!) -> #REF! | Y78: =CONCATENATE(TIMETABLE!#REF!," ","[",TIMETABLE!#REF!," ","Students","]"," ",TIMETABLE!#REF!,":"," ",TIMETABLE!#REF!," ",TIMETABLE!#REF!) -> #REF! | Z78: =CONCATENATE(TIMETABLE!#REF!," ","[",TIMETABLE!#REF!," ","Students","]"," ",TIMETABLE!#REF!,":"," ",TIMETABLE!#REF!," ",TIMETABLE!#REF!) -> #REF! | AA78: =CONCATENATE(TIMETABLE!#REF!," ","[",TIMETABLE!#REF!," ","Students","]"," ",TIMETABLE!#REF!,":"," ",TIMETABLE!#REF!," ",TIMETABLE!#REF!) -> #REF! | AB78: =CONCATENATE(TIMETABLE!#REF!," ","[",TIMETABLE!#REF!," ","Students","]"," ",TIMETABLE!#REF!,":"," ",TIMETABLE!#REF!," ",TIMETABLE!#REF!) -> #REF! | AC78: =CONCATENATE(TIMETABLE!W$6," ","[",TIMETABLE!W$7," ","Students","]"," ",TIMETABLE!#REF!,":"," ",TIMETABLE!#REF!," ",TIMETABLE!#REF!) -> #REF! | AD78: =CONCATENATE(TIMETABLE!#REF!," ","[",TIMETABLE!#REF!," ","Students","]"," ",TIMETABLE!#REF!,":"," ",TIMETABLE!#REF!," ",TIMETABLE!#REF!) -> #REF! | AE78: =CONCATENATE(TIMETABLE!#REF!," ","[",TIMETABLE!#REF!," ","Students","]"," ",TIMETABLE!#REF!,":"," ",TIMETABLE!#REF!," ",TIMETABLE!#REF!) -> #REF!
E81: =CONCATENATE(TIMETABLE!#REF!," ","[",TIMETABLE!#REF!," ","Students","]"," ",TIMETABLE!#REF!,":"," ",TIMETABLE!#REF!," ",TIMETABLE!#REF!) -> #REF! | F81: =CONCATENATE(TIMETABLE!#REF!," ","[",TIMETABLE!#REF!," ","Students","]"," ",TIMETABLE!#REF!,":"," ",TIMETABLE!#REF!," ",TIMETABLE!#REF!) -> #REF! | G81: =CONCATENATE(TIMETABLE!#REF!," ","[",TIMETABLE!#REF!," ","Students","]"," ",TIMETABLE!#REF!,":"," ",TIMETABLE!#REF!," ",TIMETABLE!#REF!) -> #REF! | H81: =CONCATENATE(TIMETABLE!#REF!," ","[",TIMETABLE!#REF!," ","Students","]"," ",TIMETABLE!#REF!,":"," ",TIMETABLE!#REF!," ",TIMETABLE!#REF!) -> #REF! | I81: =CONCATENATE(TIMETABLE!#REF!," ","[",TIMETABLE!#REF!," ","Students","]"," ",TIMETABLE!#REF!,":"," ",TIMETABLE!#REF!," ",TIMETABLE!#REF!) -> #REF! | J81: =CONCATENATE(TIMETABLE!#REF!," ","[",TIMETABLE!#REF!," ","Students","]"," ",TIMETABLE!#REF!,":"," ",TIMETABLE!#REF!," ",TIMETABLE!#REF!) -> #REF! | K81: =CONCATENATE(TIMETABLE!#REF!," ","[",TIMETABLE!#REF!," ","Students","]"," ",TIMETABLE!#REF!,":"," ",TIMETABLE!#REF!," ",TIMETABLE!#REF!) -> #REF! | L81: =CONCATENATE(TIMETABLE!D$6," ","[",TIMETABLE!D$7," ","Students","]"," ",TIMETABLE!D42,":"," ",TIMETABLE!D45," ",TIMETABLE!D44) -> BSME/SEP2020/J-FT [Y2S1 (50) Students] : | M81: =CONCATENATE(TIMETABLE!E$6," ","[",TIMETABLE!E$7," ","Students","]"," ",TIMETABLE!E42,":"," ",TIMETABLE!E45," ",TIMETABLE!E44) -> BSME/AUG2021/J-FT [Y1S2 (55) Students] : | N81: =CONCATENATE(TIMETABLE!#REF!," ","[",TIMETABLE!#REF!," ","Students","]"," ",TIMETABLE!#REF!,":"," ",TIMETABLE!#REF!," ",TIMETABLE!#REF!) -> #REF! | O81: =CONCATENATE(TIMETABLE!#REF!," ","[",TIMETABLE!#REF!," ","Students","]"," ",TIMETABLE!#REF!,":"," ",TIMETABLE!#REF!," ",TIMETABLE!#REF!) -> #REF! | P81: =CONCATENATE(TIMETABLE!F$6," ","[",TIMETABLE!F$7," ","Students","]"," ",TIMETABLE!F42,":"," ",TIMETABLE!F45," ",TIMETABLE!F44) -> BTME/SEP2019/S-PT [Y3S1 (10) Students] TMC 4317: MUNIALO FET 109 | Q81: =CONCATENATE(TIMETABLE!G$6," ","[",TIMETABLE!G$7," ","Students","]"," ",TIMETABLE!G42,":"," ",TIMETABLE!G45," ",TIMETABLE!G44) -> BTME/AUG2021/S-PT [Y2S2 (10) Students] AMA 4203: KARAKACHA FET 109 | R81: =CONCATENATE(TIMETABLE!#REF!," ","[",TIMETABLE!#REF!," ","Students","]"," ",TIMETABLE!#REF!,":"," ",TIMETABLE!#REF!," ",TIMETABLE!#REF!) -> #REF! | S81: =CONCATENATE(TIMETABLE!#REF!," ","[",TIMETABLE!#REF!," ","Students","]"," ",TIMETABLE!#REF!,":"," ",TIMETABLE!#REF!," ",TIMETABLE!#REF!) -> #REF! | T81: =CONCATENATE(TIMETABLE!J$6," ","[",TIMETABLE!J$7," ","Students","]"," ",TIMETABLE!#REF!,":"," ",TIMETABLE!#REF!," ",TIMETABLE!#REF!) -> #REF! | U81: =CONCATENATE(TIMETABLE!#REF!," ","[",TIMETABLE!#REF!," ","Students","]"," ",TIMETABLE!#REF!,":"," ",TIMETABLE!#REF!," ",TIMETABLE!#REF!) -> #REF! | V81: =CONCATENATE(TIMETABLE!#REF!," ","[",TIMETABLE!#REF!," ","Students","]"," ",TIMETABLE!#REF!,":"," ",TIMETABLE!#REF!," ",TIMETABLE!#REF!) -> #REF! | W81: =CONCATENATE(TIMETABLE!#REF!," ","[",TIMETABLE!#REF!," ","Students","]"," ",TIMETABLE!#REF!,":"," ",TIMETABLE!#REF!," ",TIMETABLE!#REF!) -> #REF! | X81: =CONCATENATE(TIMETABLE!#REF!," ","[",TIMETABLE!#REF!," ","Students","]"," ",TIMETABLE!#REF!,":"," ",TIMETABLE!#REF!," ",TIMETABLE!#REF!) -> #REF! | Y81: =CONCATENATE(TIMETABLE!#REF!," ","[",TIMETABLE!#REF!," ","Students","]"," ",TIMETABLE!#REF!,":"," ",TIMETABLE!#REF!," ",TIMETABLE!#REF!) -> #REF! | Z81: =CONCATENATE(TIMETABLE!#REF!," ","[",TIMETABLE!#REF!," ","Students","]"," ",TIMETABLE!#REF!,":"," ",TIMETABLE!#REF!," ",TIMETABLE!#REF!) -> #REF! | AA81: =CONCATENATE(TIMETABLE!#REF!," ","[",TIMETABLE!#REF!," ","Students","]"," ",TIMETABLE!#REF!,":"," ",TIMETABLE!#REF!," ",TIMETABLE!#REF!) -> #REF! | AB81: =CONCATENATE(TIMETABLE!#REF!," ","[",TIMETABLE!#REF!," ","Students","]"," ",TIMETABLE!#REF!,":"," ",TIMETABLE!#REF!," ",TIMETABLE!#REF!) -> #REF! | AC81: =CONCATENATE(TIMETABLE!W$6," ","[",TIMETABLE!W$7," ","Students","]"," ",TIMETABLE!W42,":"," ",TIMETABLE!W45," ",TIMETABLE!W44) -> DMAE/SEP20201J&S-FT [Y1S2 (60) Students] : | AD81: =CONCATENATE(TIMETABLE!#REF!," ","[",TIMETABLE!#REF!," ","Students","]"," ",TIMETABLE!#REF!,":"," ",TIMETABLE!#REF!," ",TIMETABLE!#REF!) -> #REF! | AE81: =CONCATENATE(TIMETABLE!#REF!," ","[",TIMETABLE!#REF!," ","Students","]"," ",TIMETABLE!#REF!,":"," ",TIMETABLE!#REF!," ",TIMETABLE!#REF!) -> #REF!
E84: =CONCATENATE(TIMETABLE!#REF!," ","[",TIMETABLE!#REF!," ","Students","]"," ",TIMETABLE!#REF!,":"," ",TIMETABLE!#REF!," ",TIMETABLE!#REF!) -> #REF! | F84: =CONCATENATE(TIMETABLE!#REF!," ","[",TIMETABLE!#REF!," ","Students","]"," ",TIMETABLE!#REF!,":"," ",TIMETABLE!#REF!," ",TIMETABLE!#REF!) -> #REF! | G84: =CONCATENATE(TIMETABLE!#REF!," ","[",TIMETABLE!#REF!," ","Students","]"," ",TIMETABLE!#REF!,":"," ",TIMETABLE!#REF!," ",TIMETABLE!#REF!) -> #REF! | H84: =CONCATENATE(TIMETABLE!#REF!," ","[",TIMETABLE!#REF!," ","Students","]"," ",TIMETABLE!#REF!,":"," ",TIMETABLE!#REF!," ",TIMETABLE!#REF!) -> #REF! | I84: =CONCATENATE(TIMETABLE!#REF!," ","[",TIMETABLE!#REF!," ","Students","]"," ",TIMETABLE!#REF!,":"," ",TIMETABLE!#REF!," ",TIMETABLE!#REF!) -> #REF! | J84: =CONCATENATE(TIMETABLE!#REF!," ","[",TIMETABLE!#REF!," ","Students","]"," ",TIMETABLE!#REF!,":"," ",TIMETABLE!#REF!," ",TIMETABLE!#REF!) -> #REF! | K84: =CONCATENATE(TIMETABLE!#REF!," ","[",TIMETABLE!#REF!," ","Students","]"," ",TIMETABLE!#REF!,":"," ",TIMETABLE!#REF!," ",TIMETABLE!#REF!) -> #REF! | L84: =CONCATENATE(TIMETABLE!D$6," ","[",TIMETABLE!D$7," ","Students","]"," ",TIMETABLE!#REF!,":"," ",TIMETABLE!#REF!," ",TIMETABLE!#REF!) -> #REF! | M84: =CONCATENATE(TIMETABLE!E$6," ","[",TIMETABLE!E$7," ","Students","]"," ",TIMETABLE!#REF!,":"," ",TIMETABLE!#REF!," ",TIMETABLE!#REF!) -> #REF! | N84: =CONCATENATE(TIMETABLE!#REF!," ","[",TIMETABLE!#REF!," ","Students","]"," ",TIMETABLE!#REF!,":"," ",TIMETABLE!#REF!," ",TIMETABLE!#REF!) -> #REF! | O84: =CONCATENATE(TIMETABLE!#REF!," ","[",TIMETABLE!#REF!," ","Students","]"," ",TIMETABLE!#REF!,":"," ",TIMETABLE!#REF!," ",TIMETABLE!#REF!) -> #REF! | P84: =CONCATENATE(TIMETABLE!F$6," ","[",TIMETABLE!F$7," ","Students","]"," ",TIMETABLE!#REF!,":"," ",TIMETABLE!#REF!," ",TIMETABLE!#REF!) -> #REF! | Q84: =CONCATENATE(TIMETABLE!G$6," ","[",TIMETABLE!G$7," ","Students","]"," ",TIMETABLE!#REF!,":"," ",TIMETABLE!#REF!," ",TIMETABLE!#REF!) -> #REF! | R84: =CONCATENATE(TIMETABLE!#REF!," ","[",TIMETABLE!#REF!," ","Students","]"," ",TIMETABLE!#REF!,":"," ",TIMETABLE!#REF!," ",TIMETABLE!#REF!) -> #REF! | S84: =CONCATENATE(TIMETABLE!#REF!," ","[",TIMETABLE!#REF!," ","Students","]"," ",TIMETABLE!#REF!,":"," ",TIMETABLE!#REF!," ",TIMETABLE!#REF!) -> #REF! | T84: =CONCATENATE(TIMETABLE!J$6," ","[",TIMETABLE!J$7," ","Students","]"," ",TIMETABLE!#REF!,":"," ",TIMETABLE!#REF!," ",TIMETABLE!#REF!) -> #REF! | U84: =CONCATENATE(TIMETABLE!#REF!," ","[",TIMETABLE!#REF!," ","Students","]"," ",TIMETABLE!#REF!,":"," ",TIMETABLE!#REF!," ",TIMETABLE!#REF!) -> #REF! | V84: =CONCATENATE(TIMETABLE!#REF!," ","[",TIMETABLE!#REF!," ","Students","]"," ",TIMETABLE!#REF!,":"," ",TIMETABLE!#REF!," ",TIMETABLE!#REF!) -> #REF! | W84: =CONCATENATE(TIMETABLE!#REF!," ","[",TIMETABLE!#REF!," ","Students","]"," ",TIMETABLE!#REF!,":"," ",TIMETABLE!#REF!," ",TIMETABLE!#REF!) -> #REF! | X84: =CONCATENATE(TIMETABLE!#REF!," ","[",TIMETABLE!#REF!," ","Students","]"," ",TIMETABLE!#REF!,":"," ",TIMETABLE!#REF!," ",TIMETABLE!#REF!) -> #REF! | Y84: =CONCATENATE(TIMETABLE!#REF!," ","[",TIMETABLE!#REF!," ","Students","]"," ",TIMETABLE!#REF!,":"," ",TIMETABLE!#REF!," ",TIMETABLE!#REF!) -> #REF! | Z84: =CONCATENATE(TIMETABLE!#REF!," ","[",TIMETABLE!#REF!," ","Students","]"," ",TIMETABLE!#REF!,":"," ",TIMETABLE!#REF!," ",TIMETABLE!#REF!) -> #REF! | AA84: =CONCATENATE(TIMETABLE!#REF!," ","[",TIMETABLE!#REF!," ","Students","]"," ",TIMETABLE!#REF!,":"," ",TIMETABLE!#REF!," ",TIMETABLE!#REF!) -> #REF! | AB84: =CONCATENATE(TIMETABLE!#REF!," ","[",TIMETABLE!#REF!," ","Students","]"," ",TIMETABLE!#REF!,":"," ",TIMETABLE!#REF!," ",TIMETABLE!#REF!) -> #REF! | AC84: =CONCATENATE(TIMETABLE!W$6," ","[",TIMETABLE!W$7," ","Students","]"," ",TIMETABLE!#REF!,":"," ",TIMETABLE!#REF!," ",TIMETABLE!#REF!) -> #REF! | AD84: =CONCATENATE(TIMETABLE!#REF!," ","[",TIMETABLE!#REF!," ","Students","]"," ",TIMETABLE!#REF!,":"," ",TIMETABLE!#REF!," ",TIMETABLE!#REF!) -> #REF! | AE84: =CONCATENATE(TIMETABLE!#REF!," ","[",TIMETABLE!#REF!," ","Students","]"," ",TIMETABLE!#REF!,":"," ",TIMETABLE!#REF!," ",TIMETABLE!#REF!) -> #REF!
E87: =CONCATENATE(TIMETABLE!#REF!," ","[",TIMETABLE!#REF!," ","Students","]"," ",TIMETABLE!#REF!,":"," ",TIMETABLE!#REF!," ",TIMETABLE!#REF!) -> #REF! | F87: =CONCATENATE(TIMETABLE!#REF!," ","[",TIMETABLE!#REF!," ","Students","]"," ",TIMETABLE!#REF!,":"," ",TIMETABLE!#REF!," ",TIMETABLE!#REF!) -> #REF! | G87: =CONCATENATE(TIMETABLE!#REF!," ","[",TIMETABLE!#REF!," ","Students","]"," ",TIMETABLE!#REF!,":"," ",TIMETABLE!#REF!," ",TIMETABLE!#REF!) -> #REF! | H87: =CONCATENATE(TIMETABLE!#REF!," ","[",TIMETABLE!#REF!," ","Students","]"," ",TIMETABLE!#REF!,":"," ",TIMETABLE!#REF!," ",TIMETABLE!#REF!) -> #REF! | I87: =CONCATENATE(TIMETABLE!#REF!," ","[",TIMETABLE!#REF!," ","Students","]"," ",TIMETABLE!#REF!,":"," ",TIMETABLE!#REF!," ",TIMETABLE!#REF!) -> #REF! | J87: =CONCATENATE(TIMETABLE!#REF!," ","[",TIMETABLE!#REF!," ","Students","]"," ",TIMETABLE!#REF!,":"," ",TIMETABLE!#REF!," ",TIMETABLE!#REF!) -> #REF! | K87: =CONCATENATE(TIMETABLE!#REF!," ","[",TIMETABLE!#REF!," ","Students","]"," ",TIMETABLE!#REF!,":"," ",TIMETABLE!#REF!," ",TIMETABLE!#REF!) -> #REF! | L87: =CONCATENATE(TIMETABLE!D$6," ","[",TIMETABLE!D$7," ","Students","]"," ",TIMETABLE!#REF!,":"," ",TIMETABLE!#REF!," ",TIMETABLE!#REF!) -> #REF! | M87: =CONCATENATE(TIMETABLE!E$6," ","[",TIMETABLE!E$7," ","Students","]"," ",TIMETABLE!#REF!,":"," ",TIMETABLE!#REF!," ",TIMETABLE!#REF!) -> #REF! | N87: =CONCATENATE(TIMETABLE!#REF!," ","[",TIMETABLE!#REF!," ","Students","]"," ",TIMETABLE!#REF!,":"," ",TIMETABLE!#REF!," ",TIMETABLE!#REF!) -> #REF! | O87: =CONCATENATE(TIMETABLE!#REF!," ","[",TIMETABLE!#REF!," ","Students","]"," ",TIMETABLE!#REF!,":"," ",TIMETABLE!#REF!," ",TIMETABLE!#REF!) -> #REF! | P87: =CONCATENATE(TIMETABLE!F$6," ","[",TIMETABLE!F$7," ","Students","]"," ",TIMETABLE!#REF!,":"," ",TIMETABLE!#REF!," ",TIMETABLE!#REF!) -> #REF! | Q87: =CONCATENATE(TIMETABLE!G$6," ","[",TIMETABLE!G$7," ","Students","]"," ",TIMETABLE!#REF!,":"," ",TIMETABLE!#REF!," ",TIMETABLE!#REF!) -> #REF! | R87: =CONCATENATE(TIMETABLE!#REF!," ","[",TIMETABLE!#REF!," ","Students","]"," ",TIMETABLE!#REF!,":"," ",TIMETABLE!#REF!," ",TIMETABLE!#REF!) -> #REF! | S87: =CONCATENATE(TIMETABLE!#REF!," ","[",TIMETABLE!#REF!," ","Students","]"," ",TIMETABLE!#REF!,":"," ",TIMETABLE!#REF!," ",TIMETABLE!#REF!) -> #REF! | T87: =CONCATENATE(TIMETABLE!J$6," ","[",TIMETABLE!J$7," ","Students","]"," ",TIMETABLE!#REF!,":"," ",TIMETABLE!#REF!," ",TIMETABLE!#REF!) -> #REF! | U87: =CONCATENATE(TIMETABLE!#REF!," ","[",TIMETABLE!#REF!," ","Students","]"," ",TIMETABLE!#REF!,":"," ",TIMETABLE!#REF!," ",TIMETABLE!#REF!) -> #REF! | V87: =CONCATENATE(TIMETABLE!#REF!," ","[",TIMETABLE!#REF!," ","Students","]"," ",TIMETABLE!#REF!,":"," ",TIMETABLE!#REF!," ",TIMETABLE!#REF!) -> #REF! | W87: =CONCATENATE(TIMETABLE!#REF!," ","[",TIMETABLE!#REF!," ","Students","]"," ",TIMETABLE!#REF!,":"," ",TIMETABLE!#REF!," ",TIMETABLE!#REF!) -> #REF! | X87: =CONCATENATE(TIMETABLE!#REF!," ","[",TIMETABLE!#REF!," ","Students","]"," ",TIMETABLE!#REF!,":"," ",TIMETABLE!#REF!," ",TIMETABLE!#REF!) -> #REF! | Y87: =CONCATENATE(TIMETABLE!#REF!," ","[",TIMETABLE!#REF!," ","Students","]"," ",TIMETABLE!#REF!,":"," ",TIMETABLE!#REF!," ",TIMETABLE!#REF!) -> #REF! | Z87: =CONCATENATE(TIMETABLE!#REF!," ","[",TIMETABLE!#REF!," ","Students","]"," ",TIMETABLE!#REF!,":"," ",TIMETABLE!#REF!," ",TIMETABLE!#REF!) -> #REF! | AA87: =CONCATENATE(TIMETABLE!#REF!," ","[",TIMETABLE!#REF!," ","Students","]"," ",TIMETABLE!#REF!,":"," ",TIMETABLE!#REF!," ",TIMETABLE!#REF!) -> #REF! | AB87: =CONCATENATE(TIMETABLE!#REF!," ","[",TIMETABLE!#REF!," ","Students","]"," ",TIMETABLE!#REF!,":"," ",TIMETABLE!#REF!," ",TIMETABLE!#REF!) -> #REF! | AC87: =CONCATENATE(TIMETABLE!W$6," ","[",TIMETABLE!W$7," ","Students","]"," ",TIMETABLE!#REF!,":"," ",TIMETABLE!#REF!," ",TIMETABLE!#REF!) -> #REF! | AD87: =CONCATENATE(TIMETABLE!#REF!," ","[",TIMETABLE!#REF!," ","Students","]"," ",TIMETABLE!#REF!,":"," ",TIMETABLE!#REF!," ",TIMETABLE!#REF!) -> #REF! | AE87: =CONCATENATE(TIMETABLE!#REF!," ","[",TIMETABLE!#REF!," ","Students","]"," ",TIMETABLE!#REF!,":"," ",TIMETABLE!#REF!," ",TIMETABLE!#REF!) -> #REF!
E90: =CONCATENATE(TIMETABLE!#REF!," ","[",TIMETABLE!#REF!," ","Students","]"," ",TIMETABLE!#REF!,":"," ",TIMETABLE!#REF!," ",TIMETABLE!#REF!) -> #REF! | F90: =CONCATENATE(TIMETABLE!#REF!," ","[",TIMETABLE!#REF!," ","Students","]"," ",TIMETABLE!#REF!,":"," ",TIMETABLE!#REF!," ",TIMETABLE!#REF!) -> #REF! | G90: =CONCATENATE(TIMETABLE!#REF!," ","[",TIMETABLE!#REF!," ","Students","]"," ",TIMETABLE!#REF!,":"," ",TIMETABLE!#REF!," ",TIMETABLE!#REF!) -> #REF! | H90: =CONCATENATE(TIMETABLE!#REF!," ","[",TIMETABLE!#REF!," ","Students","]"," ",TIMETABLE!#REF!,":"," ",TIMETABLE!#REF!," ",TIMETABLE!#REF!) -> #REF! | I90: =CONCATENATE(TIMETABLE!#REF!," ","[",TIMETABLE!#REF!," ","Students","]"," ",TIMETABLE!#REF!,":"," ",TIMETABLE!#REF!," ",TIMETABLE!#REF!) -> #REF! | J90: =CONCATENATE(TIMETABLE!#REF!," ","[",TIMETABLE!#REF!," ","Students","]"," ",TIMETABLE!#REF!,":"," ",TIMETABLE!#REF!," ",TIMETABLE!#REF!) -> #REF! | K90: =CONCATENATE(TIMETABLE!#REF!," ","[",TIMETABLE!#REF!," ","Students","]"," ",TIMETABLE!#REF!,":"," ",TIMETABLE!#REF!," ",TIMETABLE!#REF!) -> #REF! | L90: =CONCATENATE(TIMETABLE!D$6," ","[",TIMETABLE!D$7," ","Students","]"," ",TIMETABLE!D46,":"," ",TIMETABLE!D49," ",TIMETABLE!D48) -> BSME/SEP2020/J-FT [Y2S1 (50) Students] BEN 4401: BUYA ONLINE | M90: =CONCATENATE(TIMETABLE!E$6," ","[",TIMETABLE!E$7," ","Students","]"," ",TIMETABLE!E46,":"," ",TIMETABLE!E49," ",TIMETABLE!E48) -> BSME/AUG2021/J-FT [Y1S2 (55) Students] : | N90: =CONCATENATE(TIMETABLE!#REF!," ","[",TIMETABLE!#REF!," ","Students","]"," ",TIMETABLE!#REF!,":"," ",TIMETABLE!#REF!," ",TIMETABLE!#REF!) -> #REF! | O90: =CONCATENATE(TIMETABLE!#REF!," ","[",TIMETABLE!#REF!," ","Students","]"," ",TIMETABLE!#REF!,":"," ",TIMETABLE!#REF!," ",TIMETABLE!#REF!) -> #REF! | P90: =CONCATENATE(TIMETABLE!F$6," ","[",TIMETABLE!F$7," ","Students","]"," ",TIMETABLE!F46,":"," ",TIMETABLE!F49," ",TIMETABLE!F48) -> BTME/SEP2019/S-PT [Y3S1 (10) Students] : | Q90: =CONCATENATE(TIMETABLE!G$6," ","[",TIMETABLE!G$7," ","Students","]"," ",TIMETABLE!G46,":"," ",TIMETABLE!G49," ",TIMETABLE!G48) -> BTME/AUG2021/S-PT [Y2S2 (10) Students] : | R90: =CONCATENATE(TIMETABLE!#REF!," ","[",TIMETABLE!#REF!," ","Students","]"," ",TIMETABLE!#REF!,":"," ",TIMETABLE!#REF!," ",TIMETABLE!#REF!) -> #REF! | S90: =CONCATENATE(TIMETABLE!#REF!," ","[",TIMETABLE!#REF!," ","Students","]"," ",TIMETABLE!#REF!,":"," ",TIMETABLE!#REF!," ",TIMETABLE!#REF!) -> #REF! | T90: =CONCATENATE(TIMETABLE!J$6," ","[",TIMETABLE!J$7," ","Students","]"," ",TIMETABLE!J46,":"," ",TIMETABLE!J49," ",TIMETABLE!J48) -> BTME/AUG2021/J&S-FT [Y1S1 (52) Students] BEN 4401: BUYA. ONLINE. | U90: =CONCATENATE(TIMETABLE!#REF!," ","[",TIMETABLE!#REF!," ","Students","]"," ",TIMETABLE!#REF!,":"," ",TIMETABLE!#REF!," ",TIMETABLE!#REF!) -> #REF! | V90: =CONCATENATE(TIMETABLE!#REF!," ","[",TIMETABLE!#REF!," ","Students","]"," ",TIMETABLE!#REF!,":"," ",TIMETABLE!#REF!," ",TIMETABLE!#REF!) -> #REF! | W90: =CONCATENATE(TIMETABLE!#REF!," ","[",TIMETABLE!#REF!," ","Students","]"," ",TIMETABLE!#REF!,":"," ",TIMETABLE!#REF!," ",TIMETABLE!#REF!) -> #REF! | X90: =CONCATENATE(TIMETABLE!#REF!," ","[",TIMETABLE!#REF!," ","Students","]"," ",TIMETABLE!#REF!,":"," ",TIMETABLE!#REF!," ",TIMETABLE!#REF!) -> #REF! | Y90: =CONCATENATE(TIMETABLE!#REF!," ","[",TIMETABLE!#REF!," ","Students","]"," ",TIMETABLE!#REF!,":"," ",TIMETABLE!#REF!," ",TIMETABLE!#REF!) -> #REF! | Z90: =CONCATENATE(TIMETABLE!#REF!," ","[",TIMETABLE!#REF!," ","Students","]"," ",TIMETABLE!#REF!,":"," ",TIMETABLE!#REF!," ",TIMETABLE!#REF!) -> #REF! | AA90: =CONCATENATE(TIMETABLE!#REF!," ","[",TIMETABLE!#REF!," ","Students","]"," ",TIMETABLE!#REF!,":"," ",TIMETABLE!#REF!," ",TIMETABLE!#REF!) -> #REF! | AB90: =CONCATENATE(TIMETABLE!#REF!," ","[",TIMETABLE!#REF!," ","Students","]"," ",TIMETABLE!#REF!,":"," ",TIMETABLE!#REF!," ",TIMETABLE!#REF!) -> #REF! | AC90: =CONCATENATE(TIMETABLE!W$6," ","[",TIMETABLE!W$7," ","Students","]"," ",TIMETABLE!W46,":"," ",TIMETABLE!W49," ",TIMETABLE!W48) -> DMAE/SEP20201J&S-FT [Y1S2 (60) Students] EMR 2129: ALBEITY /MUSAU ELEC LAB. | AD90: =CONCATENATE(TIMETABLE!#REF!," ","[",TIMETABLE!#REF!," ","Students","]"," ",TIMETABLE!#REF!,":"," ",TIMETABLE!#REF!," ",TIMETABLE!#REF!) -> #REF! | AE90: =CONCATENATE(TIMETABLE!#REF!," ","[",TIMETABLE!#REF!," ","Students","]"," ",TIMETABLE!#REF!,":"," ",TIMETABLE!#REF!," ",TIMETABLE!#REF!) -> #REF!
E93: =CONCATENATE(TIMETABLE!#REF!," ","[",TIMETABLE!#REF!," ","Students","]"," ",TIMETABLE!#REF!,":"," ",TIMETABLE!#REF!," ",TIMETABLE!#REF!) -> #REF! | F93: =CONCATENATE(TIMETABLE!#REF!," ","[",TIMETABLE!#REF!," ","Students","]"," ",TIMETABLE!#REF!,":"," ",TIMETABLE!#REF!," ",TIMETABLE!#REF!) -> #REF! | G93: =CONCATENATE(TIMETABLE!#REF!," ","[",TIMETABLE!#REF!," ","Students","]"," ",TIMETABLE!#REF!,":"," ",TIMETABLE!#REF!," ",TIMETABLE!#REF!) -> #REF! | H93: =CONCATENATE(TIMETABLE!#REF!," ","[",TIMETABLE!#REF!," ","Students","]"," ",TIMETABLE!#REF!,":"," ",TIMETABLE!#REF!," ",TIMETABLE!#REF!) -> #REF! | I93: =CONCATENATE(TIMETABLE!#REF!," ","[",TIMETABLE!#REF!," ","Students","]"," ",TIMETABLE!#REF!,":"," ",TIMETABLE!#REF!," ",TIMETABLE!#REF!) -> #REF! | J93: =CONCATENATE(TIMETABLE!#REF!," ","[",TIMETABLE!#REF!," ","Students","]"," ",TIMETABLE!#REF!,":"," ",TIMETABLE!#REF!," ",TIMETABLE!#REF!) -> #REF! | K93: =CONCATENATE(TIMETABLE!#REF!," ","[",TIMETABLE!#REF!," ","Students","]"," ",TIMETABLE!#REF!,":"," ",TIMETABLE!#REF!," ",TIMETABLE!#REF!) -> #REF! | L93: =CONCATENATE(TIMETABLE!D$6," ","[",TIMETABLE!D$7," ","Students","]"," ",TIMETABLE!#REF!,":"," ",TIMETABLE!#REF!," ",TIMETABLE!#REF!) -> #REF! | M93: =CONCATENATE(TIMETABLE!E$6," ","[",TIMETABLE!E$7," ","Students","]"," ",TIMETABLE!#REF!,":"," ",TIMETABLE!#REF!," ",TIMETABLE!#REF!) -> #REF! | N93: =CONCATENATE(TIMETABLE!#REF!," ","[",TIMETABLE!#REF!," ","Students","]"," ",TIMETABLE!#REF!,":"," ",TIMETABLE!#REF!," ",TIMETABLE!#REF!) -> #REF! | O93: =CONCATENATE(TIMETABLE!#REF!," ","[",TIMETABLE!#REF!," ","Students","]"," ",TIMETABLE!#REF!,":"," ",TIMETABLE!#REF!," ",TIMETABLE!#REF!) -> #REF! | P93: =CONCATENATE(TIMETABLE!F$6," ","[",TIMETABLE!F$7," ","Students","]"," ",TIMETABLE!#REF!,":"," ",TIMETABLE!#REF!," ",TIMETABLE!#REF!) -> #REF! | Q93: =CONCATENATE(TIMETABLE!G$6," ","[",TIMETABLE!G$7," ","Students","]"," ",TIMETABLE!#REF!,":"," ",TIMETABLE!#REF!," ",TIMETABLE!#REF!) -> #REF! | R93: =CONCATENATE(TIMETABLE!#REF!," ","[",TIMETABLE!#REF!," ","Students","]"," ",TIMETABLE!#REF!,":"," ",TIMETABLE!#REF!," ",TIMETABLE!#REF!) -> #REF! | S93: =CONCATENATE(TIMETABLE!#REF!," ","[",TIMETABLE!#REF!," ","Students","]"," ",TIMETABLE!#REF!,":"," ",TIMETABLE!#REF!," ",TIMETABLE!#REF!) -> #REF! | T93: =CONCATENATE(TIMETABLE!J$6," ","[",TIMETABLE!J$7," ","Students","]"," ",TIMETABLE!#REF!,":"," ",TIMETABLE!#REF!," ",TIMETABLE!#REF!) -> #REF! | U93: =CONCATENATE(TIMETABLE!#REF!," ","[",TIMETABLE!#REF!," ","Students","]"," ",TIMETABLE!#REF!,":"," ",TIMETABLE!#REF!," ",TIMETABLE!#REF!) -> #REF! | V93: =CONCATENATE(TIMETABLE!#REF!," ","[",TIMETABLE!#REF!," ","Students","]"," ",TIMETABLE!#REF!,":"," ",TIMETABLE!#REF!," ",TIMETABLE!#REF!) -> #REF! | W93: =CONCATENATE(TIMETABLE!#REF!," ","[",TIMETABLE!#REF!," ","Students","]"," ",TIMETABLE!#REF!,":"," ",TIMETABLE!#REF!," ",TIMETABLE!#REF!) -> #REF! | X93: =CONCATENATE(TIMETABLE!#REF!," ","[",TIMETABLE!#REF!," ","Students","]"," ",TIMETABLE!#REF!,":"," ",TIMETABLE!#REF!," ",TIMETABLE!#REF!) -> #REF! | Y93: =CONCATENATE(TIMETABLE!#REF!," ","[",TIMETABLE!#REF!," ","Students","]"," ",TIMETABLE!#REF!,":"," ",TIMETABLE!#REF!," ",TIMETABLE!#REF!) -> #REF! | Z93: =CONCATENATE(TIMETABLE!#REF!," ","[",TIMETABLE!#REF!," ","Students","]"," ",TIMETABLE!#REF!,":"," ",TIMETABLE!#REF!," ",TIMETABLE!#REF!) -> #REF! | AA93: =CONCATENATE(TIMETABLE!#REF!," ","[",TIMETABLE!#REF!," ","Students","]"," ",TIMETABLE!#REF!,":"," ",TIMETABLE!#REF!," ",TIMETABLE!#REF!) -> #REF! | AB93: =CONCATENATE(TIMETABLE!#REF!," ","[",TIMETABLE!#REF!," ","Students","]"," ",TIMETABLE!#REF!,":"," ",TIMETABLE!#REF!," ",TIMETABLE!#REF!) -> #REF! | AC93: =CONCATENATE(TIMETABLE!W$6," ","[",TIMETABLE!W$7," ","Students","]"," ",TIMETABLE!#REF!,":"," ",TIMETABLE!#REF!," ",TIMETABLE!#REF!) -> #REF! | AD93: =CONCATENATE(TIMETABLE!#REF!," ","[",TIMETABLE!#REF!," ","Students","]"," ",TIMETABLE!#REF!,":"," ",TIMETABLE!#REF!," ",TIMETABLE!#REF!) -> #REF! | AE93: =CONCATENATE(TIMETABLE!#REF!," ","[",TIMETABLE!#REF!," ","Students","]"," ",TIMETABLE!#REF!,":"," ",TIMETABLE!#REF!," ",TIMETABLE!#REF!) -> #REF!
E96: =CONCATENATE(TIMETABLE!#REF!," ","[",TIMETABLE!#REF!," ","Students","]"," ",TIMETABLE!#REF!,":"," ",TIMETABLE!#REF!," ",TIMETABLE!#REF!) -> #REF! | F96: =CONCATENATE(TIMETABLE!#REF!," ","[",TIMETABLE!#REF!," ","Students","]"," ",TIMETABLE!#REF!,":"," ",TIMETABLE!#REF!," ",TIMETABLE!#REF!) -> #REF! | G96: =CONCATENATE(TIMETABLE!#REF!," ","[",TIMETABLE!#REF!," ","Students","]"," ",TIMETABLE!#REF!,":"," ",TIMETABLE!#REF!," ",TIMETABLE!#REF!) -> #REF! | H96: =CONCATENATE(TIMETABLE!#REF!," ","[",TIMETABLE!#REF!," ","Students","]"," ",TIMETABLE!#REF!,":"," ",TIMETABLE!#REF!," ",TIMETABLE!#REF!) -> #REF! | I96: =CONCATENATE(TIMETABLE!#REF!," ","[",TIMETABLE!#REF!," ","Students","]"," ",TIMETABLE!#REF!,":"," ",TIMETABLE!#REF!," ",TIMETABLE!#REF!) -> #REF! | J96: =CONCATENATE(TIMETABLE!#REF!," ","[",TIMETABLE!#REF!," ","Students","]"," ",TIMETABLE!#REF!,":"," ",TIMETABLE!#REF!," ",TIMETABLE!#REF!) -> #REF! | K96: =CONCATENATE(TIMETABLE!#REF!," ","[",TIMETABLE!#REF!," ","Students","]"," ",TIMETABLE!#REF!,":"," ",TIMETABLE!#REF!," ",TIMETABLE!#REF!) -> #REF! | L96: =CONCATENATE(TIMETABLE!D$6," ","[",TIMETABLE!D$7," ","Students","]"," ",TIMETABLE!#REF!,":"," ",TIMETABLE!#REF!," ",TIMETABLE!#REF!) -> #REF! | M96: =CONCATENATE(TIMETABLE!E$6," ","[",TIMETABLE!E$7," ","Students","]"," ",TIMETABLE!#REF!,":"," ",TIMETABLE!#REF!," ",TIMETABLE!#REF!) -> #REF! | N96: =CONCATENATE(TIMETABLE!#REF!," ","[",TIMETABLE!#REF!," ","Students","]"," ",TIMETABLE!#REF!,":"," ",TIMETABLE!#REF!," ",TIMETABLE!#REF!) -> #REF! | O96: =CONCATENATE(TIMETABLE!#REF!," ","[",TIMETABLE!#REF!," ","Students","]"," ",TIMETABLE!#REF!,":"," ",TIMETABLE!#REF!," ",TIMETABLE!#REF!) -> #REF! | P96: =CONCATENATE(TIMETABLE!F$6," ","[",TIMETABLE!F$7," ","Students","]"," ",TIMETABLE!#REF!,":"," ",TIMETABLE!#REF!," ",TIMETABLE!#REF!) -> #REF! | Q96: =CONCATENATE(TIMETABLE!G$6," ","[",TIMETABLE!G$7," ","Students","]"," ",TIMETABLE!#REF!,":"," ",TIMETABLE!#REF!," ",TIMETABLE!#REF!) -> #REF! | R96: =CONCATENATE(TIMETABLE!#REF!," ","[",TIMETABLE!#REF!," ","Students","]"," ",TIMETABLE!#REF!,":"," ",TIMETABLE!#REF!," ",TIMETABLE!#REF!) -> #REF! | S96: =CONCATENATE(TIMETABLE!#REF!," ","[",TIMETABLE!#REF!," ","Students","]"," ",TIMETABLE!#REF!,":"," ",TIMETABLE!#REF!," ",TIMETABLE!#REF!) -> #REF! | T96: =CONCATENATE(TIMETABLE!J$6," ","[",TIMETABLE!J$7," ","Students","]"," ",TIMETABLE!#REF!,":"," ",TIMETABLE!#REF!," ",TIMETABLE!#REF!) -> #REF! | U96: =CONCATENATE(TIMETABLE!#REF!," ","[",TIMETABLE!#REF!," ","Students","]"," ",TIMETABLE!#REF!,":"," ",TIMETABLE!#REF!," ",TIMETABLE!#REF!) -> #REF! | V96: =CONCATENATE(TIMETABLE!#REF!," ","[",TIMETABLE!#REF!," ","Students","]"," ",TIMETABLE!#REF!,":"," ",TIMETABLE!#REF!," ",TIMETABLE!#REF!) -> #REF! | W96: =CONCATENATE(TIMETABLE!#REF!," ","[",TIMETABLE!#REF!," ","Students","]"," ",TIMETABLE!#REF!,":"," ",TIMETABLE!#REF!," ",TIMETABLE!#REF!) -> #REF! | X96: =CONCATENATE(TIMETABLE!#REF!," ","[",TIMETABLE!#REF!," ","Students","]"," ",TIMETABLE!#REF!,":"," ",TIMETABLE!#REF!," ",TIMETABLE!#REF!) -> #REF! | Y96: =CONCATENATE(TIMETABLE!#REF!," ","[",TIMETABLE!#REF!," ","Students","]"," ",TIMETABLE!#REF!,":"," ",TIMETABLE!#REF!," ",TIMETABLE!#REF!) -> #REF! | Z96: =CONCATENATE(TIMETABLE!#REF!," ","[",TIMETABLE!#REF!," ","Students","]"," ",TIMETABLE!#REF!,":"," ",TIMETABLE!#REF!," ",TIMETABLE!#REF!) -> #REF! | AA96: =CONCATENATE(TIMETABLE!#REF!," ","[",TIMETABLE!#REF!," ","Students","]"," ",TIMETABLE!#REF!,":"," ",TIMETABLE!#REF!," ",TIMETABLE!#REF!) -> #REF! | AB96: =CONCATENATE(TIMETABLE!#REF!," ","[",TIMETABLE!#REF!," ","Students","]"," ",TIMETABLE!#REF!,":"," ",TIMETABLE!#REF!," ",TIMETABLE!#REF!) -> #REF! | AC96: =CONCATENATE(TIMETABLE!W$6," ","[",TIMETABLE!W$7," ","Students","]"," ",TIMETABLE!#REF!,":"," ",TIMETABLE!#REF!," ",TIMETABLE!#REF!) -> #REF! | AD96: =CONCATENATE(TIMETABLE!#REF!," ","[",TIMETABLE!#REF!," ","Students","]"," ",TIMETABLE!#REF!,":"," ",TIMETABLE!#REF!," ",TIMETABLE!#REF!) -> #REF! | AE96: =CONCATENATE(TIMETABLE!#REF!," ","[",TIMETABLE!#REF!," ","Students","]"," ",TIMETABLE!#REF!,":"," ",TIMETABLE!#REF!," ",TIMETABLE!#REF!) -> #REF!
E99: =CONCATENATE(TIMETABLE!#REF!," ","[",TIMETABLE!#REF!," ","Students","]"," ",TIMETABLE!#REF!,":"," ",TIMETABLE!#REF!," ",TIMETABLE!#REF!) -> #REF! | F99: =CONCATENATE(TIMETABLE!#REF!," ","[",TIMETABLE!#REF!," ","Students","]"," ",TIMETABLE!#REF!,":"," ",TIMETABLE!#REF!," ",TIMETABLE!#REF!) -> #REF! | G99: =CONCATENATE(TIMETABLE!#REF!," ","[",TIMETABLE!#REF!," ","Students","]"," ",TIMETABLE!#REF!,":"," ",TIMETABLE!#REF!," ",TIMETABLE!#REF!) -> #REF! | H99: =CONCATENATE(TIMETABLE!#REF!," ","[",TIMETABLE!#REF!," ","Students","]"," ",TIMETABLE!#REF!,":"," ",TIMETABLE!#REF!," ",TIMETABLE!#REF!) -> #REF! | I99: =CONCATENATE(TIMETABLE!#REF!," ","[",TIMETABLE!#REF!," ","Students","]"," ",TIMETABLE!#REF!,":"," ",TIMETABLE!#REF!," ",TIMETABLE!#REF!) -> #REF! | J99: =CONCATENATE(TIMETABLE!#REF!," ","[",TIMETABLE!#REF!," ","Students","]"," ",TIMETABLE!#REF!,":"," ",TIMETABLE!#REF!," ",TIMETABLE!#REF!) -> #REF! | K99: =CONCATENATE(TIMETABLE!#REF!," ","[",TIMETABLE!#REF!," ","Students","]"," ",TIMETABLE!#REF!,":"," ",TIMETABLE!#REF!," ",TIMETABLE!#REF!) -> #REF! | L99: =CONCATENATE(TIMETABLE!D$6," ","[",TIMETABLE!D$7," ","Students","]"," ",TIMETABLE!D50,":"," ",TIMETABLE!D53," ",TIMETABLE!D52) -> BSME/SEP2020/J-FT [Y2S1 (50) Students] : | M99: =CONCATENATE(TIMETABLE!E$6," ","[",TIMETABLE!E$7," ","Students","]"," ",TIMETABLE!E50,":"," ",TIMETABLE!E53," ",TIMETABLE!E52) -> BSME/AUG2021/J-FT [Y1S2 (55) Students] EIT 4101: COD COMPUTING MB 13 | N99: =CONCATENATE(TIMETABLE!#REF!," ","[",TIMETABLE!#REF!," ","Students","]"," ",TIMETABLE!#REF!,":"," ",TIMETABLE!#REF!," ",TIMETABLE!#REF!) -> #REF! | O99: =CONCATENATE(TIMETABLE!#REF!," ","[",TIMETABLE!#REF!," ","Students","]"," ",TIMETABLE!#REF!,":"," ",TIMETABLE!#REF!," ",TIMETABLE!#REF!) -> #REF! | P99: =CONCATENATE(TIMETABLE!F$6," ","[",TIMETABLE!F$7," ","Students","]"," ",TIMETABLE!F50,":"," ",TIMETABLE!F53," ",TIMETABLE!F52) -> BTME/SEP2019/S-PT [Y3S1 (10) Students] TMC 4315: AHMED FET 109 | Q99: =CONCATENATE(TIMETABLE!G$6," ","[",TIMETABLE!G$7," ","Students","]"," ",TIMETABLE!G50,":"," ",TIMETABLE!G53," ",TIMETABLE!G52) -> BTME/AUG2021/S-PT [Y2S2 (10) Students] : | R99: =CONCATENATE(TIMETABLE!#REF!," ","[",TIMETABLE!#REF!," ","Students","]"," ",TIMETABLE!#REF!,":"," ",TIMETABLE!#REF!," ",TIMETABLE!#REF!) -> #REF! | S99: =CONCATENATE(TIMETABLE!#REF!," ","[",TIMETABLE!#REF!," ","Students","]"," ",TIMETABLE!#REF!,":"," ",TIMETABLE!#REF!," ",TIMETABLE!#REF!) -> #REF! | T99: =CONCATENATE(TIMETABLE!J$6," ","[",TIMETABLE!J$7," ","Students","]"," ",TIMETABLE!J50,":"," ",TIMETABLE!J53," ",TIMETABLE!J52) -> BTME/AUG2021/J&S-FT [Y1S1 (52) Students] TMC 4104: WANGOMBE CH | U99: =CONCATENATE(TIMETABLE!#REF!," ","[",TIMETABLE!#REF!," ","Students","]"," ",TIMETABLE!#REF!,":"," ",TIMETABLE!#REF!," ",TIMETABLE!#REF!) -> #REF! | V99: =CONCATENATE(TIMETABLE!#REF!," ","[",TIMETABLE!#REF!," ","Students","]"," ",TIMETABLE!#REF!,":"," ",TIMETABLE!#REF!," ",TIMETABLE!#REF!) -> #REF! | W99: =CONCATENATE(TIMETABLE!#REF!," ","[",TIMETABLE!#REF!," ","Students","]"," ",TIMETABLE!#REF!,":"," ",TIMETABLE!#REF!," ",TIMETABLE!#REF!) -> #REF! | X99: =CONCATENATE(TIMETABLE!#REF!," ","[",TIMETABLE!#REF!," ","Students","]"," ",TIMETABLE!#REF!,":"," ",TIMETABLE!#REF!," ",TIMETABLE!#REF!) -> #REF! | Y99: =CONCATENATE(TIMETABLE!#REF!," ","[",TIMETABLE!#REF!," ","Students","]"," ",TIMETABLE!#REF!,":"," ",TIMETABLE!#REF!," ",TIMETABLE!#REF!) -> #REF! | Z99: =CONCATENATE(TIMETABLE!#REF!," ","[",TIMETABLE!#REF!," ","Students","]"," ",TIMETABLE!#REF!,":"," ",TIMETABLE!#REF!," ",TIMETABLE!#REF!) -> #REF! | AA99: =CONCATENATE(TIMETABLE!#REF!," ","[",TIMETABLE!#REF!," ","Students","]"," ",TIMETABLE!#REF!,":"," ",TIMETABLE!#REF!," ",TIMETABLE!#REF!) -> #REF! | AB99: =CONCATENATE(TIMETABLE!#REF!," ","[",TIMETABLE!#REF!," ","Students","]"," ",TIMETABLE!#REF!,":"," ",TIMETABLE!#REF!," ",TIMETABLE!#REF!) -> #REF! | AC99: =CONCATENATE(TIMETABLE!W$6," ","[",TIMETABLE!W$7," ","Students","]"," ",TIMETABLE!W50,":"," ",TIMETABLE!W53," ",TIMETABLE!W52) -> DMAE/SEP20201J&S-FT [Y1S2 (60) Students] EMR 2122: GIKARO MB 03. | AD99: =CONCATENATE(TIMETABLE!#REF!," ","[",TIMETABLE!#REF!," ","Students","]"," ",TIMETABLE!#REF!,":"," ",TIMETABLE!#REF!," ",TIMETABLE!#REF!) -> #REF! | AE99: =CONCATENATE(TIMETABLE!#REF!," ","[",TIMETABLE!#REF!," ","Students","]"," ",TIMETABLE!#REF!,":"," ",TIMETABLE!#REF!," ",TIMETABLE!#REF!) -> #REF!
